unit	additional_building_requirement	campaign_cap	caste	create_time	is_naval	land_unit	num_men	multiplayer_cap	multiplayer_cost	naval_unit	num_ships	min_men_per_ship	max_men_per_ship	recruitment_cost	upkeep_cost	weight	resource_requirement	special_edition_mask	in_encyclopedia	audio_voiceover_culture	ui_unit_group_land	tier	is_high_threat	porthole_camera	mount	use_hitpoints_in_campaign	porthole_composite_scene	melee_cp	missile_cp	can_siege	audio_voiceover_culture_override	restrict_xp_gain_in_campaign	audio_voiceover_actor_group	food_cost	has_spoken_vo	is_monstrous	multiplayer_qb_cap	vo_is_dragon	vo_is_dinosaur	optional_ui_element	barrier_health	can_be_bribed	point_allowance_weight	is_renown
#main_units_tables;7;db/main_units_tables/!!!!!!!2xunitsize_compat_!!scm_motm
blaut_maneaters		-1	monstrous_infantry	2	false	blaut_maneaters	32	0	1300	wh_main_shp_transport	1	1	16	1300	325	very_heavy		0	true	wh3_main_vo_culture_Ogres	wh3_main_ogr_monstrous_ironfist	3	false	ogre_infantry		false		1300.0000	0.0000	false	vo_culture_None	false	wh3_dlc26_vo_actor_Ogres_Maneater_Unit	0	true	false	6	false	false		0.0000	true	1	false
blaut_maneaters_ror		1	monstrous_infantry	2	false	blaut_maneaters_ror	32	0	1300	wh_main_shp_transport	1	1	16	1300	325	very_heavy		0	true	wh3_main_vo_culture_Ogres	wh3_main_ogr_monstrous_ironfist	3	false	ogre_infantry		false		1300.0000	0.0000	false	vo_culture_None	false	wh3_dlc26_vo_actor_Ogres_Maneater_Unit	0	true	false	6	false	false		0.0000	true	1	true
blautfang_warbeasts		-1	war_beast	2	false	blautfang_warbeasts	24	0	750	wh_main_shp_transport	1	1	12	1100	275	heavy		0	true	wh_dlc03_vo_culture_Boar	wh_dlc03_bst_razorgor	3	true	bst_razorgor_herd		false		850.0000	0.0000	false	vo_culture_None	false	wh_main_vo_actor_default	0	true	false	6	false	false		0.0000	true	1	false
fleshrender_hunters		-1	missile_infantry	1	false	fleshrender_hunters	48	0	1150	wh_main_shp_transport	1	1	24	1000	272	heavy		0	false	wh3_main_vo_culture_Ogres	wh_dlc08_nor_hunters_javelin	2	true	ogre_infantry		false		700.0000	550.0000	false	vo_culture_None	false	wh3_main_vo_actor_Ogres_Ogreunit	0	true	false	6	false	false		0.0000	true	1	false
frb_chaos_ogre_khorne_0		-1	monstrous_infantry	3	false	frb_chaos_ogre_khorne_0	32	0	1500	wh_main_shp_transport	1	1	16	1500	375	very_heavy		0	true	wh3_main_vo_culture_Ogres	wh3_main_ogr_monstrous	4	false	ogre_infantry		false		1500.0000	0.0000	true	vo_culture_None	false	wh3_main_vo_actor_Ogres_Ogreunit	0	true	false	6	false	false		0.0000	true	1	false
frb_chaos_ogre_nurgle_0		-1	monstrous_infantry	3	false	frb_chaos_ogre_nurgle_0	32	0	1500	wh_main_shp_transport	1	1	16	1500	375	very_heavy		0	true	wh3_main_vo_culture_Ogres	wh3_main_ogr_monstrous	4	false	ogre_infantry		false		1500.0000	0.0000	true	vo_culture_None	false	wh3_main_vo_actor_Ogres_Ogreunit	0	true	false	6	false	false		0.0000	true	1	false
fulg_irongut		1	monstrous_infantry	2	false	fulg_irongut	32	0	1100	wh_main_shp_transport	1	1	16	1100	275	very_heavy		0	true	wh3_main_vo_culture_Ogres	wh3_main_ogr_monstrous_great_weapons	3	false	ogre_infantry		false		1100.0000	0.0000	true	vo_culture_None	false	wh3_main_vo_actor_Ogres_Ogreunit	0	true	false	6	false	false		0.0000	true	1	false
fulg_irongut_ror		1	monstrous_infantry	2	false	fulg_irongut_ror	32	0	1100	wh_main_shp_transport	1	1	16	1100	275	very_heavy		0	true	wh3_main_vo_culture_Ogres	wh3_main_ogr_monstrous_great_weapons	3	false	ogre_infantry		false		1100.0000	0.0000	true	vo_culture_None	false	wh3_main_vo_actor_Ogres_Ogreunit	0	true	false	6	false	false		0.0000	true	1	true
gnoblar_spider_chariot		-1	chariot	1	false	gnoblar_spider_chariot	48	0	600	wh_main_shp_transport	1	1	24	600	175	heavy		0	false	wh3_main_vo_culture_Ogres	missile_chariot	1	true	grn_wolf_chariot		false		80.0000	360.0000	false	vo_culture_None	false	wh3_dlc26_vo_actor_Ogres_Gnoblar_Pigback_Riders_Unit	0	true	false	5	false	false		0.0000	true	1	false
hrothgul_gorgers		1	melee_infantry	2	false	hrothgul_gorgers	24	0	1200	wh_main_shp_transport	1	1	12	1000	288	heavy		0	true	wh3_main_vo_culture_Gorger	monstrous_infantry	3	true	ogr_gorgers		false		1100.0000	0.0000	true	vo_culture_None	false	wh_main_vo_actor_default	0	false	true	6	false	false		0.0000	true	1	true
hrothgul_thundertusk_shrine		3	monster	2	false	hrothgul_thundertusk_shrine	1	0	2300	wh_main_shp_transport	1	1	1	2300	575	very_heavy		0	true	wh3_dlc26_vo_culture_Thundertusk	chaos_warshrine	5	true	wh3_dlc26_ogr_thundertusk		true		1800.0000	500.0000	true	vo_culture_None	false	wh_main_vo_actor_default	0	true	true	2	false	false		0.0000	true	1	false
hunter_spider_chariot		-1	chariot	1	false	hunter_spider_chariot	8	0	1200	wh_main_shp_transport	1	1	4	600	340	heavy		0	false	wh3_main_vo_culture_Ogres	missile_chariot	1	true	grn_wolf_chariot		false		80.0000	360.0000	false	vo_culture_None	false	wh3_main_vo_actor_Ogres_Ogreunit	0	true	false	6	false	false		0.0000	true	1	false
lab_ogr_sabretusk		-1	war_beast	1	false	lab_ogr_sabretusk	64	0	500	wh_main_shp_transport	1	1	32	500	125	heavy		0	true	wh3_main_vo_culture_Sabertusk	war_beast	2	false	ogr_sabretusk		false		500.0000	0.0000	false	vo_culture_None	false	wh_main_vo_actor_default	0	false	false	6	false	false		0.0000	true	1	false
lab_skv_brood_horror		-1	monster	2	false	lab_skv_brood_horror	1	6	1100	wh_main_shp_transport	1	1	1	1100	300	medium		0	true	wh2_dlc16_vo_culture_Brood_Horror	wh3_main_ogr_rhinox_cavalry	3	true	skv_brood_horror		true		1100.0000	0.0000	true	vo_culture_None	false	wh_main_vo_actor_default	0	false	true	0	false	false		0.0000	true	1	false
lab_skv_hell_pit_abomination		-1	monster	2	false	lab_skv_hell_pit_abomination	1	0	1800	wh_main_shp_transport	1	1	60	1800	450	medium		0	true	wh2_main_vo_culture_Hell_Pit_Abomination	wh3_main_ogr_stonehorn	4	true	skv_hellpit_abomination		true		1800.0000	0.0000	true	wh2_main_vo_culture_Skaven	false	wh_main_vo_actor_default	0	false	false	2	false	false		0.0000	true	1	false
lab_skv_rat_ogre		-1	monstrous_infantry	1	false	lab_skv_rat_ogre	32	3	700	wh_main_shp_transport	1	1	16	800	200	medium		0	true	wh2_main_vo_culture_Rat_Ogres	monstrous_infantry	2	false	skv_rat_ogres		false		800.0000	0.0000	true	wh2_main_vo_culture_Rat_Ogres	false	wh_main_vo_actor_default	0	false	false	6	false	false		0.0000	true	1	false
lab_skv_rat_ogre_mutant		-1	monster	2	false	lab_skv_rat_ogre_mutant	1	3	1200	wh_main_shp_transport	1	1	1	1200	325	heavy		0	true	wh2_main_vo_culture_Rat_Ogres	monster_generic	3	true	skv_rat_ogres		true		1000.0000	0.0000	true	wh2_main_vo_culture_Rat_Ogres	false	wh_main_vo_actor_default	0	false	false	3	false	false		0.0000	true	1	false
lab_skv_rat_ogre_mutant_summoned		-1	monster	2	false	lab_skv_rat_ogre_mutant_summoned	1	3	1200	wh_main_shp_transport	1	1	1	1200	325	heavy		0	true	wh2_main_vo_culture_Rat_Ogres	monster_generic	3	true	skv_rat_ogres		true		1000.0000	0.0000	true	wh2_main_vo_culture_Rat_Ogres	false	wh_main_vo_actor_default	0	false	false	3	false	false		0.0000	true	1	false
lab_skv_rat_ogre_summoned		-1	monstrous_infantry	1	false	lab_skv_rat_ogre_summoned	32	3	700	wh_main_shp_transport	1	1	16	800	200	medium		0	true	wh2_main_vo_culture_Rat_Ogres	monstrous_infantry	2	false	skv_rat_ogres		false		800.0000	0.0000	true	wh2_main_vo_culture_Rat_Ogres	false	wh_main_vo_actor_default	0	false	false	6	false	false		0.0000	true	1	false
motm_arachnarok_spider_boss		-1	lord	2	false	motm_arachnarok_spider_boss	1	1	1700	wh_main_shp_transport	1	1	8	0	425	very_heavy		0	false	wh_main_vo_culture_Spider_Large	grn_arachnarok	4	true	grn_aracknarok		true	composite_scene\porthole\arachnarok_porthole_01.csc	1700.0000	0.0000	true	vo_culture_None	false	wh_main_vo_actor_default	0	false	true	2	false	false		0.0000	true	1	false
motm_beastclad_reavers		-1	monstrous_infantry	1	false	motm_beastclad_reavers	32	0	1400	wh_main_shp_transport	1	1	16	1400	350	very_heavy		0	true	wh3_main_vo_culture_Ogres	monstrous_infantry_hammer_ogr	3	false	ogre_infantry		false		1400.0000	0.0000	false	vo_culture_None	false	wh3_dlc26_vo_actor_Ogres_Maneater_Unit	0	true	false	6	false	false		0.0000	true	1	true
motm_blogg		-1	lord	1	false	motm_blogg	1	0	1950	wh_main_shp_transport	1	1	1	1950	350	heavy		0	false	wh3_main_vo_culture_Ogres	motm_blogg	0	true	ogre_tyrant		true		2000.0000	0.0000	true	vo_culture_None	true	wh3_main_vo_actor_Ogres_Tyrant	0	true	false	0	false	false		0.0000	false	1	false
motm_blogg_stonehorn		-1	lord	1	false	motm_blogg_stonehorn	1	0	2100	wh_main_shp_transport	1	1	1	1900	475	heavy		0	false	wh3_main_vo_culture_Ogres	motm_blogg	0	true	ogre_infantry	motm_blogg_stonehorn	true		2200.0000	0.0000	true	vo_culture_None	true	wh3_main_vo_actor_Ogres_Hunter	0	true	false	2	false	false		0.0000	true	1	false
motm_boomhogg		-1	war_beast	1	false	motm_boomhogg	1	0	500	wh_main_shp_transport	1	1	32	0	0	heavy		0	true	wh_dlc03_vo_culture_Boar	wh_dlc03_bst_razorgor	1	false	bst_razorgor_herd		false		550.0000	0.0000	false	vo_culture_None	true	wh_main_vo_actor_default	0	false	false	6	false	false		0.0000	true	1	false
motm_braugh		-1	hero	1	false	motm_braugh	1	0	900	wh_main_shp_transport	1	1	1	0	250	heavy		0	false	wh3_main_vo_culture_Ogres	wh2_dlc14_def_hero_champion	0	true	ogre_infantry		true		900.0000	0.0000	true	vo_culture_None	true	wh3_main_vo_actor_Ogres_Butcher	0	true	false	2	false	false		0.0000	false	1	false
motm_braugh_slavelord		-1	hero	1	false	motm_braugh_slavelord	26	0	900	wh_main_shp_transport	1	1	13	0	250	heavy		0	false	wh3_main_vo_culture_Ogres	wh2_dlc14_def_hero_champion	0	true	ogr_leadbelcher		true		950.0000	0.0000	true	vo_culture_None	true	wh3_main_vo_actor_Ogres_Butcher	0	true	false	2	false	false		0.0000	false	1	false
motm_brudd		-1	hero	1	false	motm_brudd	1	0	900	wh_main_shp_transport	1	1	1	0	250	very_heavy		0	false	wh3_main_vo_culture_Ogres	wh2_dlc11_cst_gunnery_wight	0	true	ogr_leadbelcher		true		100.0000	800.0000	true	vo_culture_None	true	wh3_main_vo_actor_Ogres_Ogreunit	0	true	false	2	false	false		0.0000	false	1	false
motm_cha_butcher_deep		-1	hero	1	false	motm_cha_butcher_deep	1	0	550	wh_main_shp_transport	1	1	1	1000	250	heavy		0	false	wh3_main_vo_culture_Ogres	wh3_main_wizard_great_maw	4	true	ogre_infantry		true		550.0000	0.0000	true	vo_culture_None	true	wh3_main_vo_actor_Ogres_Butcher	0	true	false	2	false	false		0.0000	true	1	false
motm_cha_slaughtermaster_deep		-1	lord	1	false	motm_cha_slaughtermaster_deep	1	0	800	wh_main_shp_transport	1	1	1	1000	250	heavy		0	false	wh3_main_vo_culture_Ogres	wh3_lord_wizard_great_maw	4	true	ogre_infantry		true		800.0000	0.0000	true	vo_culture_None	true	wh3_main_vo_actor_Ogres_Slaughtermaster	0	true	false	0	false	false		0.0000	true	1	false
motm_cyclop		-1	monster	2	false	motm_cyclop	1	0	1400	wh_main_shp_transport	1	1	1	1500	375	very_heavy		0	true	wh_main_vo_culture_Giant	giant	3	true	grn_giant		true		1500.0000	0.0000	true	vo_culture_None	false	wh_main_vo_actor_default	0	false	true	2	false	false		0.0000	true	1	false
motm_dune_vulture		-1	monster	1	false	motm_dune_vulture	1	0	750	wh_main_shp_transport	1	1	1	750	187	medium		0	true	wh_main_vo_culture_Eagle	wh_dlc05_wef_great_eagle	2	true	wef_great_eagle		true		750.0000	0.0000	false	vo_culture_None	false	wh_main_vo_actor_default	0	false	false	3	false	false		0.0000	true	1	false
motm_dune_vulture_summoned		-1	monster	1	false	motm_dune_vulture	1	0	750	wh_main_shp_transport	1	1	1	750	187	medium		0	true	wh_main_vo_culture_Eagle	wh_dlc05_wef_great_eagle	2	true	wef_great_eagle		true		750.0000	0.0000	false	vo_culture_None	false	wh_main_vo_actor_default	0	false	false	3	false	false		0.0000	true	1	false
motm_feral_arachnarok_spider		-1	monster	2	false	motm_feral_arachnarok_spider	1	0	1700	wh_main_shp_transport	1	1	8	0	425	very_heavy		0	false	wh_main_vo_culture_Spider_Large	grn_arachnarok	4	true	grn_aracknarok		true	composite_scene\porthole\arachnarok_porthole_01.csc	1700.0000	0.0000	true	vo_culture_None	false	wh_main_vo_actor_default	0	false	true	2	false	false		0.0000	true	1	false
motm_feral_arachnarok_spider_flinger		-1	monster	2	false	motm_feral_arachnarok_spider_flinger	1	0	1700	wh_main_shp_transport	1	1	8	0	425	very_heavy		0	false	wh_main_vo_culture_Spider_Large	grn_arachnarok	4	true	grn_aracknarok		true	composite_scene\porthole\arachnarok_flinger_porthole_01.csc	1700.0000	0.0000	true	vo_culture_None	false	wh_main_vo_actor_default	0	false	true	2	false	false		0.0000	true	1	false
motm_feral_arachnarok_spider_lava		-1	monster	3	false	motm_feral_arachnarok_spider_lava	1	1	1900	wh_main_shp_transport	1	1	8	0	475	very_heavy		0	false	wh_main_vo_culture_Spider_Large	grn_arachnarok	5	true	grn_aracknarok		true	composite_scene\porthole\arachnarok_lava_porthole_01.csc	1900.0000	0.0000	true	vo_culture_None	false	wh_main_vo_actor_default	0	false	true	1	false	false		0.0000	true	1	true
motm_fernadrang		-1	lord	1	false	motm_fernadrang	1	0	1900	wh_main_shp_transport	1	1	1	1900	400	heavy		0	false	wh3_main_vo_culture_Ogres	motm_fernadrang	0	true	ogre_tyrant		true		850.0000	0.0000	true	vo_culture_None	false	wh3_main_vo_actor_Ogres_Tyrant	0	true	false	0	false	false		0.0000	false	1	false
motm_frostmaw		-1	hero	1	false	motm_frostmaw	1	0	1100	wh_main_shp_transport	1	1	1	0	250	heavy		0	false	wh3_dlc26_vo_culture_Yhetee	wh3_main_wizard_ice	0	true	vamp_crypt_horror		true		1100.0000	0.0000	true	vo_culture_None	true	wh_main_vo_actor_default	0	true	true	2	false	false		0.0000	false	1	false
motm_ghuth		1	lord	1	false	motm_ghuth	1	0	1350	wh_main_shp_transport	1	1	1	1370	350	heavy		0	false	wh3_main_vo_culture_Khorne	motm_ghuth	0	true	wh3_dlc26_kho_scyla_anfingrimm		true		1300.0000	0.0000	true	vo_culture_None	false	wh3_dlc26_vo_actor_Khorne_Scyla_Anfingrimm	0	true	false	0	false	false		0.0000	false	1	false
motm_giant_spider_creepers		-1	war_beast	1	false	motm_giant_spider_creepers	120	0	550	wh_main_shp_transport	1	1	60	0	138	heavy		0	false	wh_main_vo_culture_Spider_Small	grn_spider_hatchling	2	false	grn_aracknarok		false		550.0000	0.0000	false	vo_culture_None	false	wh_main_vo_actor_default	0	false	true	6	false	false		0.0000	true	1	false
motm_giant_spider_lava		-1	war_beast	1	false	motm_giant_spider_lava	120	0	550	wh_main_shp_transport	1	1	60	0	138	heavy		0	false	wh_main_vo_culture_Spider_Small	grn_spider_hatchling	2	false	grn_aracknarok		false		550.0000	0.0000	false	vo_culture_None	false	wh_main_vo_actor_default	0	false	true	6	false	false		0.0000	true	1	false
motm_giant_spider_snagla		-1	war_beast	1	false	motm_giant_spider_snagla	120	0	550	wh_main_shp_transport	1	1	60	0	138	heavy		0	false	wh_main_vo_culture_Spider_Small	grn_spider_hatchling	2	false	grn_aracknarok		false		550.0000	0.0000	false	vo_culture_None	false	wh_main_vo_actor_default	0	false	true	6	false	false		0.0000	true	1	false
motm_glune		-1	lord	1	false	motm_glune	1	0	1950	wh_main_shp_transport	1	1	1	1950	350	heavy		0	false	wh3_main_vo_culture_Ogres	motm_glune	0	true	ogre_tyrant		true		2000.0000	0.0000	true	vo_culture_None	true	wh3_main_vo_actor_Ogres_Tyrant	0	true	false	0	false	false		0.0000	false	1	false
motm_glune_stonehorn		-1	lord	1	false	motm_glune_stonehorn	1	0	2100	wh_main_shp_transport	1	1	1	1900	475	heavy		0	false	wh3_main_vo_culture_Ogres	motm_glune	0	true	ogre_infantry	wh3_main_cam_mnt_ogr_stonehorn	true		2200.0000	0.0000	true	vo_culture_None	true	wh3_main_vo_actor_Ogres_Hunter	0	true	false	2	false	false		0.0000	true	1	false
motm_gnoblar_scraplauncher_ror		-1	chariot	1	false	motm_gnoblar_scraplauncher_ror	4	0	900	wh_main_shp_transport	1	1	2	1300	400	medium		0	true	wh3_main_vo_culture_Ogres	catapult	2	true	emp_luminark		false	composite_scene/porthole/wm_ogr_gnoblar_scraplauncher_porthole_01.csc	400.0000	500.0000	true	vo_culture_None	true	wh3_dlc26_vo_actor_Ogres_Gnoblar_Unit	0	true	false	2	false	false		0.0000	true	1	false
motm_greybacks		-1	hero	1	false	motm_greybacks	1	0	1200	wh_main_shp_transport	1	1	1	720	299	heavy		0	true	wh3_dlc26_vo_culture_Yhetee	motm_greybacks	0	true	wh3_dlc26_yhetees		true		1200.0000	0.0000	true	vo_culture_None	true	wh_main_vo_actor_default	0	true	false	0	false	false		0.0000	false	1	false
motm_gusnag		-1	hero	1	false	motm_gusnag	1	0	450	wh_main_shp_transport	1	1	1	1000	250	light		0	false	wh_main_vo_culture_Goblin	wizard_nehekhara	0	true	grn_goblin_15_degrees		true		450.0000	0.0000	false	vo_culture_None	true	wh_main_vo_actor_Goblin_GreatShaman	0	true	false	0	false	false		0.0000	true	1	false
motm_gusnag_scorpion		-1	hero	1	false	motm_gusnag_scorpion	1	0	1500	wh_main_shp_transport	1	1	1	1000	720	super_heavy		0	true	wh_main_vo_culture_Goblin	wizard_nehekhara	0	true	grn_goblin_15_degrees	motm_gusnag_scorpion	true		1000.0000	0.0000	true	vo_culture_None	true	wh_main_vo_actor_Goblin_GreatShaman	0	true	true	3	false	false		0.0000	true	1	false
motm_hollowbellies_ror		1	monstrous_infantry	2	false	motm_hollowbellies_ror	32	0	1200	wh_main_shp_transport	1	1	16	1200	300	very_heavy		0	true	wh3_main_vo_culture_Ogres	wh3_main_ogr_monstrous	3	false	ogre_infantry		false		1200.0000	0.0000	false	vo_culture_None	false	wh3_dlc26_vo_actor_Ogres_Maneater_Unit	0	true	false	6	false	false		0.0000	true	1	true
motm_hrothgul		-1	lord	1	false	motm_hrothgul	1	0	1550	wh_main_shp_transport	1	1	1	1350	343	heavy		0	false	wh3_main_vo_culture_Ogres	ogr_hrothgul	0	true	ogre_tyrant		true		1350.0000	0.0000	true	vo_culture_None	true	wh3_main_vo_actor_Ogres_Tyrant	0	true	false	0	false	false		0.0000	false	1	false
motm_ironblaster_ror		-1	chariot	2	false	motm_ironblaster_ror	4	0	1700	wh_main_shp_transport	1	1	2	2500	700	medium		0	true	wh3_main_vo_culture_Ogres	artillery_cannon	4	true	emp_luminark		false	composite_scene/porthole/wm_ironblaster_porthole_01.csc	800.0000	900.0000	true	vo_culture_None	true	wh3_main_vo_actor_Ogres_Ogreunit	0	true	false	2	false	false		0.0000	true	1	false
motm_jhared		-1	lord	1	false	motm_jhared	1	0	1000	wh_main_shp_transport	1	1	1	1000	250	heavy		0	false	wh3_main_vo_culture_Gorger	motm_jhared	0	true	ogr_gorgers		true		1100.0000	0.0000	true	vo_culture_None	false	wh_main_vo_actor_default	0	false	true	0	false	false		0.0000	false	1	false
motm_jhared_boars		-1	war_beast	1	false	motm_jhared_boars	120	0	650	wh_main_shp_transport	1	1	60	650	135	heavy		0	false	wh_dlc03_vo_culture_Boar	war_beast	4	false	bst_razorgor_herd		false		650.0000	0.0000	false	vo_culture_None	false	wh_main_vo_actor_default	0	false	false	6	false	false		0.0000	true	1	false
motm_jhared_crabs		-1	war_beast	2	false	motm_jhared_crabs	24	0	1000	wh_main_shp_transport	1	1	12	1000	250	medium		0	true	wh2_dlc11_vo_culture_Rotting_Prometheans	war_beast	3	false	cst_rotting_prometheans		false		1000.0000	0.0000	true	vo_culture_None	false	wh_main_vo_actor_default	0	true	true	6	false	false		0.0000	true	1	false
motm_jhared_demigryph		-1	war_beast	2	false	motm_jhared_demigryph	64	0	1400	wh_main_shp_transport	1	1	32	1400	350	medium		0	true	wh_main_vo_culture_Empire	monster_generic	4	true	wef_great_eagle		false		1400.0000	0.0000	false	wh_main_vo_culture_Griffin_DemiGryph_Hippogryph	false	wh_main_vo_actor_default	0	false	true	6	false	false		0.0000	true	1	false
motm_jhared_feral_mournfang		-1	war_beast	2	false	motm_jhared_feral_mournfang	24	0	1100	wh_main_shp_transport	1	1	8	1100	275	medium		0	true	wh_dlc03_vo_culture_Boar	war_beast	3	false	ogr_mournfang_cav		false		1100.0000	0.0000	false	vo_culture_None	false	wh_main_vo_actor_default	0	true	false	6	false	false		0.0000	true	1	false
motm_jhared_feral_rhinox		-1	war_beast	2	false	motm_jhared_feral_rhinox	24	0	1800	wh_main_shp_transport	1	1	8	1800	450	medium		0	true	wh_dlc03_vo_culture_Boar	war_beast	4	false	ogr_mournfang_cav		false		1800.0000	0.0000	false	vo_culture_None	false	wh_main_vo_actor_default	0	true	false	6	false	false		0.0000	true	1	false
motm_jhared_feral_stonehorn		-1	monster	2	false	motm_jhared_feral_stonehorn	1	0	1800	wh_main_shp_transport	1	1	1	1800	450	heavy		0	true	wh3_main_vo_culture_Stonehorn	wh3_main_ogr_stonehorn	4	true	ogr_stonehorn		true		1800.0000	0.0000	true	vo_culture_None	false	wh_main_vo_actor_default	0	true	true	2	false	false		0.0000	true	1	false
motm_jhared_feral_thundertusk		-1	monster	2	false	motm_jhared_feral_thundertusk	1	0	2300	wh_main_shp_transport	1	1	1	2300	575	very_heavy		0	true	wh3_dlc26_vo_culture_Thundertusk	wh3_dlc26_ogr_thundertusk	5	true	wh3_dlc26_ogr_thundertusk		true		1800.0000	500.0000	true	vo_culture_None	false	wh_main_vo_actor_default	0	true	true	2	false	false		0.0000	true	1	false
motm_jhared_gorebeast		-1	chariot	2	false	motm_jhared_gorebeast	16	0	1150	wh_main_shp_transport	1	1	8	1200	300	heavy		0	true	wh_dlc01_vo_culture_Gorebeast	monster_generic	3	true	wh3_dlc26_kho_bloodbeasts_of_khorne		false		1200.0000	0.0000	false	wh_dlc01_vo_culture_Gorebeast	false	wh_main_vo_actor_default	0	false	true	6	false	false		0.0000	true	1	false
motm_jhared_great_stag		-1	war_beast	2	false	motm_jhared_great_stag	64	0	1200	wh_main_shp_transport	1	1	32	1250	280	heavy		0	false	wh_dlc05_vo_culture_Wood_Elves	war_beast	4	false	wef_great_stag_riders		false		1600.0000	0.0000	false	wh_dlc05_vo_culture_Wood_Elves	false	wh_main_vo_actor_default	0	false	true	6	false	false		0.0000	true	1	false
motm_jhared_griffon		-1	monster	2	false	motm_jhared_griffon	1	0	1900	wh_main_shp_transport	1	1	1	1900	430	heavy		0	false	wh_main_vo_culture_Griffin_DemiGryph_Hippogryph	monster_generic	4	true	wef_great_eagle		true		2000.0000	0.0000	true	vo_culture_None	false	wh_main_vo_actor_default	0	false	true	0	false	false		0.0000	true	1	false
motm_jhared_hippogryphs		-1	monstrous_cavalry	3	false	motm_jhared_hippogryphs	24	0	2200	wh_main_shp_transport	1	1	12	2200	550	very_heavy		0	true	wh_main_vo_culture_Bretonnian	flying_monstrous_cavalry	5	false	emp_reiksguard		false	composite_scene/porthole/hippogryph_knights_porthole_01.csc	2200.0000	0.0000	true	vo_culture_None	false	wh_main_vo_actor_Bretonnian_Knight	0	true	true	2	false	false		0.0000	true	1	false
motm_jhared_leviathan		-1	monster	3	false	motm_jhared_leviathan	1	0	2100	wh_main_shp_transport	1	1	5	2100	535	very_heavy		0	true	wh2_dlc11_vo_culture_Rotting_Leviathan	monster_generic	5	true	cst_rotting_leviathon		true		2000.0000	100.0000	true	vo_culture_None	false	wh_main_vo_actor_default	0	false	true	2	false	false		0.0000	true	1	false
motm_jhared_pegasus		-1	war_beast	1	false	motm_jhared_pegasus	48	0	1050	wh_main_shp_transport	1	1	24	1050	210	heavy		0	false	wh_main_vo_culture_Bretonnian	war_beast	4	false	emp_reiksguard		false		1100.0000	0.0000	false	vo_culture_None	false	wh_main_vo_actor_group_sound	0	false	false	6	false	false		0.0000	true	1	false
motm_katerina		-1	hero	1	false	motm_katerina	1	0	700	wh_main_shp_transport	1	1	1	0	250	medium		0	false	wh2_dlc11_vo_culture_Vampire_Coast	wh3_dlc26_ogr_bruiser	0	true	cst_aranessa		true		700.0000	0.0000	true	wh_main_vo_culture_Bretonnian	true	wh2_dlc14_vo_actor_Bretonnia_Repanse_De_Lyonese	0	true	false	1	false	false		0.0000	false	1	false
motm_katerina_sabretusk		-1	war_beast	1	false	motm_katerina_sabretusk	1	0	500	wh_main_shp_transport	1	1	1	500	125	heavy		0	false	wh3_main_vo_culture_Sabertusk	war_beast	2	true	ogr_sabretusk		true		500.0000	0.0000	false	vo_culture_None	false	wh_main_vo_actor_default	0	false	true	6	false	false		0.0000	false	1	false
motm_kineater		-1	hero	1	false	motm_kineater	1	0	1100	wh_main_shp_transport	1	1	1	0	250	heavy		0	false	wh3_main_vo_culture_Ogres	wh3_dlc26_ogr_bruiser	0	true	ogre_tyrant		true		1100.0000	0.0000	true	vo_culture_None	true	wh3_main_vo_actor_Ogres_Tyrant	0	true	false	2	false	false		0.0000	false	1	false
motm_marn		-1	lord	1	false	motm_marn	1	0	1950	wh_main_shp_transport	1	1	1	1950	350	heavy		0	true	wh3_main_vo_culture_Ogres	motm_marn	0	true	ogre_tyrant		true		2000.0000	0.0000	true	vo_culture_None	true	wh3_main_vo_actor_Ogres_Tyrant	0	true	false	0	false	false		0.0000	false	1	false
motm_mon_carrion_summoned		0	war_beast	1	false	wh2_dlc09_tmb_mon_carrion_0	48	0	350	wh_main_shp_transport	1	1	24	0	0	heavy		0	true	wh2_dlc09_vo_culture_Carrion	wh2_dlc09_tmb_carrion	1	false	tmb_carrion		false		350.0000	0.0000	false	vo_culture_None	false	wh_main_vo_actor_default	0	false	false	6	false	false		0.0000	true	1	false
motm_necrofex_colossus_ror		-1	monster	2	false	motm_necrofex_colossus_ror	10	0	1800	wh_main_shp_transport	1	1	5	1800	450	very_heavy		0	true	wh2_dlc11_vo_culture_Necrofex_Colossus	monster_artillery	4	true	cst_necrofex		true		900.0000	1000.0000	true	vo_culture_None	true	wh_main_vo_actor_default	0	false	true	2	false	false		0.0000	true	1	false
motm_ogr_bosun		-1	hero	1	false	motm_ogr_bosun	1	0	800	wh_main_shp_transport	1	1	1	1000	250	heavy		0	false	wh3_main_vo_culture_Ogres	motm_ogr_bosun	0	true	ogre_infantry		true		700.0000	400.0000	true	vo_culture_None	true	wh3_main_vo_actor_Ogres_Hunter	0	true	false	2	false	false		0.0000	true	1	false
motm_ogr_pit_fighters		-1	monstrous_infantry	2	false	motm_ogr_pit_fighters	32	0	1100	wh_main_shp_transport	1	1	16	1100	275	very_heavy		0	true	wh3_main_vo_culture_Ogres	motm_ogr_pit_fighters	3	false	ogre_infantry		false		1100.0000	0.0000	false	vo_culture_None	false	wh3_main_vo_actor_Ogres_Ogreunit	0	true	false	6	false	false		0.0000	true	1	false
motm_ogr_pit_fighters_cavalry		-1	monstrous_cavalry	2	false	motm_ogr_pit_fighters_cavalry	24	0	1100	wh_main_shp_transport	1	1	8	1420	310	heavy		0	true	wh3_main_vo_culture_Ogres	motm_ogr_pit_fighters_cavalry	4	false	ogr_mournfang_cav		false		1450.0000	0.0000	true	vo_culture_None	false	wh3_main_vo_actor_Ogres_Ogreunit	0	true	false	6	false	false		0.0000	true	1	false
motm_rotting_leviathan_ror		-1	monster	3	false	motm_rotting_leviathan_ror	10	0	2100	wh_main_shp_transport	1	1	5	2100	535	very_heavy		0	true	wh2_dlc11_vo_culture_Rotting_Leviathan	monster_generic	5	true	cst_rotting_leviathon		true		2000.0000	100.0000	true	vo_culture_None	true	wh_main_vo_actor_default	0	false	true	2	false	false		0.0000	true	1	false
motm_sandbad		-1	hero	1	false	motm_sandbad	1	0	1950	wh_main_shp_transport	1	1	1	1950	350	heavy		0	false	wh3_main_vo_culture_Ogres	motm_sandbad	0	true	ogre_tyrant		true		2000.0000	0.0000	true	vo_culture_None	true	wh3_main_vo_actor_Ogres_Tyrant	0	true	false	0	false	false		0.0000	false	1	false
motm_sandgrinder		-1	lord	1	false	motm_sandgrinder	1	0	1950	wh_main_shp_transport	1	1	1	1950	350	heavy		0	false	wh3_main_vo_culture_Ogres	motm_sandgrinder	0	true	ogre_tyrant		true		2000.0000	0.0000	true	vo_culture_None	true	wh3_main_vo_actor_Ogres_Tyrant	0	true	false	0	false	false		0.0000	false	1	false
motm_sandgrinder_rhinox		-1	lord	1	false	motm_sandgrinder_rhinox	1	0	2100	wh_main_shp_transport	1	1	1	1900	475	heavy		0	false	wh3_main_vo_culture_Ogres	motm_sandgrinder	0	true	ogre_infantry	wh3_main_cam_mnt_ogr_stonehorn	true		2200.0000	0.0000	true	vo_culture_None	true	wh3_main_vo_actor_Ogres_Hunter	0	true	false	2	false	false		0.0000	true	1	false
motm_slaver_convoy		-1	lord	1	false	motm_slaver_convoy	1	0	1150	wh_main_shp_transport	1	1	1	1350	343	heavy		0	false	wh3_main_vo_culture_Ogres	lord	0	true	ogre_tyrant		true		1350.0000	0.0000	true	vo_culture_None	true	wh3_main_vo_actor_Ogres_Tyrant	0	true	false	0	false	false		0.0000	true	1	false
motm_slaver_lord		-1	lord	1	false	motm_slaver_lord	1	0	1150	wh_main_shp_transport	1	1	1	1350	343	heavy		0	false	wh3_main_vo_culture_Ogres	lord	0	true	ogre_tyrant		true		1350.0000	0.0000	true	vo_culture_None	true	wh3_main_vo_actor_Ogres_Tyrant	0	true	false	0	false	false		0.0000	true	1	false
motm_snarky		-1	lord	1	false	motm_snarky	1	0	1450	wh_main_shp_transport	1	1	1	1350	350	heavy		0	false	wh3_main_vo_culture_Ogres	wh3_main_ogr_monstrous_cannon	0	true	ogr_leadbelcher		true		1200.0000	200.0000	true	vo_culture_None	true	wh3_main_vo_actor_Ogres_Tyrant	0	true	false	0	false	false		0.0000	true	1	false
motm_snarky_02		-1	lord	1	false	motm_snarky_02	1	0	1700	wh_main_shp_transport	1	1	1	1700	375	heavy		0	false	wh3_main_vo_culture_Ogres	wh3_main_ogr_monstrous_cannon	0	true	ogr_leadbelcher	cam_ironblaster	true	composite_scene/porthole/wm_ironblaster_porthole_01.csc	1200.0000	900.0000	true	vo_culture_None	true	wh3_main_vo_actor_Ogres_Tyrant	0	true	false	2	false	false		0.0000	true	1	false
motm_tainted_ogr_cav_crushers_0		-1	monstrous_cavalry	2	false	motm_tainted_ogr_cav_crushers_0	24	0	1750	wh_main_shp_transport	1	1	8	1800	450	medium		0	true	wh3_main_vo_culture_Ogres	wh3_dlc26_ogr_cavalry_rhinox_club	4	false	ogr_mournfang_cav		false		1800.0000	0.0000	true	vo_culture_None	false	wh3_main_vo_actor_Ogres_Ogreunit	0	true	false	6	false	false		0.0000	true	1	false
motm_tainted_ogr_cav_crushers_1		-1	monstrous_cavalry	2	false	motm_tainted_ogr_cav_crushers_1	24	0	1900	wh_main_shp_transport	1	1	8	1900	475	medium		0	true	wh3_main_vo_culture_Ogres	wh3_dlc26_ogr_cavalry_rhinox_great_weapon	4	false	ogr_mournfang_cav		false		1900.0000	0.0000	true	vo_culture_None	false	wh3_main_vo_actor_Ogres_Ogreunit	0	true	false	6	false	false		0.0000	true	1	false
motm_tainted_ogr_cav_mournfang_cavalry_0		-1	monstrous_cavalry	2	false	motm_tainted_ogr_cav_mournfang_cavalry_0	24	0	1100	wh_main_shp_transport	1	1	8	1100	275	medium		0	true	wh3_main_vo_culture_Ogres	wh3_dlc26_ogr_cavalry_mournfang_club	3	false	ogr_mournfang_cav		false		1100.0000	0.0000	true	vo_culture_None	false	wh3_main_vo_actor_Ogres_Ogreunit	0	true	false	6	false	false		0.0000	true	1	false
motm_tainted_ogr_cav_mournfang_cavalry_1		-1	monstrous_cavalry	2	false	motm_tainted_ogr_cav_mournfang_cavalry_1	24	0	1200	wh_main_shp_transport	1	1	8	1250	313	medium		0	true	wh3_main_vo_culture_Ogres	wh3_dlc26_ogr_cavalry_mournfang_club	3	false	ogr_mournfang_cav		false		1250.0000	0.0000	true	vo_culture_None	false	wh3_main_vo_actor_Ogres_Ogreunit	0	true	false	6	false	false		0.0000	true	1	false
motm_tainted_ogr_cav_mournfang_cavalry_2		-1	monstrous_cavalry	2	false	motm_tainted_ogr_cav_mournfang_cavalry_2	24	0	1350	wh_main_shp_transport	1	1	8	1350	338	medium		0	true	wh3_main_vo_culture_Ogres	wh3_dlc26_ogr_cavalry_mournfang_great_weapon	3	false	ogr_mournfang_cav		false		1350.0000	0.0000	true	vo_culture_None	false	wh3_main_vo_actor_Ogres_Ogreunit	0	true	false	6	false	false		0.0000	true	1	false
motm_tainted_ogr_cha_bruiser		-1	hero	1	false	motm_tainted_ogr_cha_bruiser	1	0	850	wh_main_shp_transport	1	1	1	900	225	heavy		0	false	wh3_main_vo_culture_Ogres	wh3_dlc26_ogr_bruiser	0	true	wh3_dlc26_bruiser		true		900.0000	0.0000	true	vo_culture_None	true	wh3_dlc26_vo_actor_Ogres_Bruiser	0	true	false	0	false	false		0.0000	true	1	false
motm_tainted_ogr_cha_butcher_beasts_0		-1	hero	1	false	motm_tainted_ogr_cha_butcher_beasts_0	1	0	550	wh_main_shp_transport	1	1	1	1000	250	heavy		0	false	wh3_main_vo_culture_Ogres	wizard_beasts	0	true	ogre_infantry		true		550.0000	0.0000	true	vo_culture_None	true	wh3_main_vo_actor_Ogres_Butcher	0	true	false	2	false	false		0.0000	true	1	false
motm_tainted_ogr_cha_butcher_death		-1	hero	1	false	motm_tainted_ogr_cha_butcher_death	1	0	550	wh_main_shp_transport	1	1	1	1000	250	heavy		0	false	wh3_main_vo_culture_Ogres	wizard_death	0	true	ogre_infantry		true		550.0000	0.0000	true	vo_culture_None	true	wh3_main_vo_actor_Ogres_Butcher	0	true	false	2	false	false		0.0000	true	1	false
motm_tainted_ogr_cha_butcher_great_maw_0		-1	hero	1	false	motm_tainted_ogr_cha_butcher_great_maw_0	1	0	550	wh_main_shp_transport	1	1	1	1000	250	heavy		0	false	wh3_main_vo_culture_Ogres	wh3_main_wizard_great_maw	0	true	ogre_infantry		true		550.0000	0.0000	true	vo_culture_None	true	wh3_main_vo_actor_Ogres_Butcher	0	true	false	2	false	false		0.0000	true	1	false
motm_tainted_ogr_cha_butcher_heavens		-1	hero	1	false	motm_tainted_ogr_cha_butcher_heavens	1	0	550	wh_main_shp_transport	1	1	1	1000	250	heavy		0	false	wh3_main_vo_culture_Ogres	wizard_heavens	0	true	ogre_infantry		true		550.0000	0.0000	true	vo_culture_None	true	wh3_main_vo_actor_Ogres_Butcher	0	true	false	2	false	false		0.0000	true	1	false
motm_tainted_ogr_cha_butcher_life_0		-1	hero	1	false	motm_tainted_ogr_cha_butcher_life_0	1	0	550	wh_main_shp_transport	1	1	1	1000	250	heavy		0	false	wh3_main_vo_culture_Ogres	wizard_life	0	true	ogre_infantry		true		550.0000	0.0000	true	vo_culture_None	true	wh3_main_vo_actor_Ogres_Butcher	0	true	false	2	false	false		0.0000	true	1	false
motm_tainted_ogr_cha_butcher_metal_0		-1	hero	1	false	motm_tainted_ogr_cha_butcher_metal_0	1	0	550	wh_main_shp_transport	1	1	1	1000	250	heavy		0	false	wh3_main_vo_culture_Ogres	wizard_metal	0	true	ogre_infantry		true		550.0000	0.0000	true	vo_culture_None	true	wh3_main_vo_actor_Ogres_Butcher	0	true	false	2	false	false		0.0000	true	1	false
motm_tainted_ogr_cha_butcher_shadows_0		-1	hero	1	false	motm_tainted_ogr_cha_butcher_shadows_0	1	0	550	wh_main_shp_transport	1	1	1	1000	250	heavy		0	false	wh3_main_vo_culture_Ogres	wizard_shadows	0	true	ogre_infantry		true		550.0000	0.0000	true	vo_culture_None	true	wh3_main_vo_actor_Ogres_Butcher	0	true	false	2	false	false		0.0000	true	1	false
motm_tainted_ogr_cha_butcher_wild_0		-1	hero	1	false	motm_tainted_ogr_cha_butcher_wild_0	1	0	550	wh_main_shp_transport	1	1	1	1000	250	heavy		0	false	wh3_main_vo_culture_Ogres	wizard_wild	0	true	ogre_infantry		true		550.0000	0.0000	true	vo_culture_None	true	wh3_main_vo_actor_Ogres_Butcher	0	true	false	2	false	false		0.0000	true	1	false
motm_tainted_ogr_cha_firebelly_0		-1	hero	1	false	motm_tainted_ogr_cha_firebelly_0	1	0	750	wh_main_shp_transport	1	1	1	1000	250	heavy		0	false	wh3_main_vo_culture_Ogres	wizard_fire	0	true	ogre_infantry		true		750.0000	0.0000	true	vo_culture_None	true	wh3_main_vo_actor_Ogres_Firebelly	0	true	false	2	false	false		0.0000	true	1	false
motm_tainted_ogr_cha_hunter_0		-1	hero	1	false	motm_tainted_ogr_cha_hunter_0	1	0	800	wh_main_shp_transport	1	1	1	1000	250	heavy		0	false	wh3_main_vo_culture_Ogres	wh3_main_ogr_hunter	0	true	ogre_infantry		true		700.0000	400.0000	true	vo_culture_None	true	wh3_main_vo_actor_Ogres_Hunter	0	true	false	2	false	false		0.0000	true	1	false
motm_tainted_ogr_cha_hunter_1		-1	hero	1	false	motm_tainted_ogr_cha_hunter_1	1	0	2150	wh_main_shp_transport	1	1	1	1900	475	heavy		0	false	wh3_main_vo_culture_Ogres	wh3_main_ogr_hunter	0	true	ogre_infantry	wh3_main_cam_mnt_ogr_stonehorn	true		1800.0000	400.0000	true	vo_culture_None	true	wh3_main_vo_actor_Ogres_Hunter	0	true	false	2	false	false		0.0000	true	1	false
motm_tainted_ogr_cha_paymaster		-1	lord	1	false	motm_tainted_ogr_cha_paymaster	1	0	800	wh_main_shp_transport	1	1	1	1350	343	heavy		0	false	wh3_main_vo_culture_Ogres	lord	0	true	ogre_tyrant		true		1350.0000	0.0000	true	vo_culture_None	true	wh3_dlc26_vo_actor_Ogres_Paymaster	0	true	false	0	false	false		0.0000	true	1	false
motm_tainted_ogr_cha_slaughtermaster_beasts_0		-1	lord	1	false	motm_tainted_ogr_cha_slaughtermaster_beasts_0	1	0	850	wh_main_shp_transport	1	1	1	1000	250	heavy		0	false	wh3_main_vo_culture_Ogres	lord_wizard_beasts	0	true	ogre_infantry		true		800.0000	0.0000	true	vo_culture_None	true	wh3_main_vo_actor_Ogres_Slaughtermaster	0	true	false	0	false	false		0.0000	true	1	false
motm_tainted_ogr_cha_slaughtermaster_death		-1	lord	1	false	motm_tainted_ogr_cha_slaughtermaster_death	1	0	850	wh_main_shp_transport	1	1	1	1000	250	heavy		0	false	wh3_main_vo_culture_Ogres	lord_wizard_death	0	true	ogre_infantry		true		800.0000	0.0000	true	vo_culture_None	true	wh3_main_vo_actor_Ogres_Slaughtermaster	0	true	false	0	false	false		0.0000	true	1	false
motm_tainted_ogr_cha_slaughtermaster_great_maw_0		-1	lord	1	false	motm_tainted_ogr_cha_slaughtermaster_great_maw_0	1	0	850	wh_main_shp_transport	1	1	1	1000	250	heavy		0	false	wh3_main_vo_culture_Ogres	wh3_lord_wizard_great_maw	0	true	ogre_infantry		true		800.0000	0.0000	true	vo_culture_None	true	wh3_main_vo_actor_Ogres_Slaughtermaster	0	true	false	0	false	false		0.0000	true	1	false
motm_tainted_ogr_cha_slaughtermaster_heavens		-1	lord	1	false	motm_tainted_ogr_cha_slaughtermaster_heavens	1	0	850	wh_main_shp_transport	1	1	1	1000	250	heavy		0	false	wh3_main_vo_culture_Ogres	lord_wizard_heavens	0	true	ogre_infantry		true		800.0000	0.0000	true	vo_culture_None	true	wh3_main_vo_actor_Ogres_Slaughtermaster	0	true	false	0	false	false		0.0000	true	1	false
motm_tainted_ogr_cha_slaughtermaster_life_0		-1	lord	1	false	motm_tainted_ogr_cha_slaughtermaster_life_0	1	0	850	wh_main_shp_transport	1	1	1	1000	250	heavy		0	false	wh3_main_vo_culture_Ogres	lord_wizard_life	0	true	ogre_infantry		true		800.0000	0.0000	true	vo_culture_None	true	wh3_main_vo_actor_Ogres_Slaughtermaster	0	true	false	0	false	false		0.0000	true	1	false
motm_tainted_ogr_cha_slaughtermaster_metal_0		-1	lord	1	false	motm_tainted_ogr_cha_slaughtermaster_metal_0	1	0	850	wh_main_shp_transport	1	1	1	1000	250	heavy		0	false	wh3_main_vo_culture_Ogres	lord_wizard_metal	0	true	ogre_infantry		true		800.0000	0.0000	true	vo_culture_None	true	wh3_main_vo_actor_Ogres_Slaughtermaster	0	true	false	0	false	false		0.0000	true	1	false
motm_tainted_ogr_cha_slaughtermaster_shadows_0		-1	lord	1	false	motm_tainted_ogr_cha_slaughtermaster_shadows_0	1	0	850	wh_main_shp_transport	1	1	1	1000	250	heavy		0	false	wh3_main_vo_culture_Ogres	lord_wizard_shadows	0	true	ogre_infantry		true		800.0000	0.0000	true	vo_culture_None	true	wh3_main_vo_actor_Ogres_Slaughtermaster	0	true	false	0	false	false		0.0000	true	1	false
motm_tainted_ogr_cha_slaughtermaster_wild_0		-1	lord	1	false	motm_tainted_ogr_cha_slaughtermaster_wild_0	1	0	850	wh_main_shp_transport	1	1	1	1000	250	heavy		0	false	wh3_main_vo_culture_Ogres	lord_wizard_wild	0	true	ogre_infantry		true		800.0000	0.0000	true	vo_culture_None	true	wh3_main_vo_actor_Ogres_Slaughtermaster	0	true	false	0	false	false		0.0000	true	1	false
motm_tainted_ogr_cha_tyrant_0		-1	lord	1	false	motm_tainted_ogr_cha_tyrant_0	1	0	1150	wh_main_shp_transport	1	1	1	1350	343	heavy		0	false	wh3_main_vo_culture_Ogres	lord	0	true	ogre_tyrant		true		1350.0000	0.0000	true	vo_culture_None	true	wh3_main_vo_actor_Ogres_Tyrant	0	true	false	0	false	false		0.0000	true	1	false
motm_tainted_ogr_inf_gnoblars_0		-1	melee_infantry	1	false	motm_tainted_ogr_inf_gnoblars_0	320	0	200	wh_main_shp_transport	1	1	160	200	50	light		0	true	wh3_main_vo_culture_Ogres	infantry_spear	1	false	grn_goblin_45_degrees		false		200.0000	0.0000	false	vo_culture_None	false	wh3_main_vo_actor_Ogres_Gnoblarunit	0	true	false	6	false	false		0.0000	true	1	false
motm_tainted_ogr_inf_gnoblars_1		-1	missile_infantry	1	false	motm_tainted_ogr_inf_gnoblars_1	320	0	500	wh_main_shp_transport	1	1	160	500	125	light		0	true	wh3_main_vo_culture_Ogres	wh3_main_ogr_throwing_dagger_infantry	2	false	grn_goblin_45_degrees		false		250.0000	250.0000	false	vo_culture_None	false	wh3_main_vo_actor_Ogres_Gnoblarunit	0	true	false	6	false	false		0.0000	true	1	false
motm_tainted_ogr_inf_gnoblars_flingers		-1	missile_infantry	1	false	motm_tainted_ogr_inf_gnoblars_flingers	240	0	300	wh_main_shp_transport	1	1	160	300	75	light		0	true	wh3_main_vo_culture_Ogres	wh2_main_missile_infantry_sling	2	false	grn_goblin_45_degrees		false		150.0000	350.0000	false	vo_culture_None	false	wh3_main_vo_actor_Ogres_Gnoblarunit	0	true	false	6	false	false		0.0000	true	1	false
motm_tainted_ogr_inf_ironguts_0		-1	monstrous_infantry	2	false	motm_tainted_ogr_inf_ironguts_0	32	0	1100	wh_main_shp_transport	1	1	16	1100	275	very_heavy		0	true	wh3_main_vo_culture_Ogres	wh3_main_ogr_monstrous_great_weapons	3	false	ogre_infantry		false		1100.0000	0.0000	false	vo_culture_None	false	wh3_main_vo_actor_Ogres_Ogreunit	0	true	false	6	false	false		0.0000	true	1	false
motm_tainted_ogr_inf_ironguts_ror		1	monstrous_infantry	2	false	motm_tainted_ogr_inf_ironguts_ror	32	0	1100	wh_main_shp_transport	1	1	16	1400	300	very_heavy		0	true	wh3_main_vo_culture_Ogres	wh3_main_ogr_monstrous_great_weapons	4	false	ogre_infantry		false		1250.0000	0.0000	true	vo_culture_None	false	wh3_main_vo_actor_Ogres_Ogreunit	0	true	false	6	false	false		0.0000	true	1	true
motm_tainted_ogr_inf_leadbelchers_0		-1	monstrous_infantry	2	false	motm_tainted_ogr_inf_leadbelchers_0	32	0	1050	wh_main_shp_transport	1	1	16	1050	263	very_heavy		0	true	wh3_main_vo_culture_Ogres	wh3_main_ogr_monstrous_cannon	3	false	ogr_leadbelcher		false		400.0000	600.0000	true	vo_culture_None	false	wh3_main_vo_actor_Ogres_Ogreunit	0	true	false	6	false	false		0.0000	true	1	false
motm_tainted_ogr_inf_maneaters		-1	monstrous_infantry	2	false	motm_tainted_ogr_inf_maneaters	32	0	1600	wh_main_shp_transport	1	1	16	1700	440	very_heavy		0	true	wh3_main_vo_culture_Ogres	ogr_golgfags_maneaters	4	false	ogre_infantry		false		1650.0000	0.0000	true	vo_culture_None	false	wh3_dlc26_vo_actor_Ogres_Maneater_Unit	0	true	false	6	false	false		0.0000	true	1	false
motm_tainted_ogr_inf_maneaters_0		-1	monstrous_infantry	2	false	motm_tainted_ogr_inf_maneaters_0	32	0	1200	wh_main_shp_transport	1	1	16	1200	300	very_heavy		0	true	wh3_main_vo_culture_Ogres	wh3_main_ogr_monstrous	3	false	ogre_infantry		false		1200.0000	0.0000	false	vo_culture_None	false	wh3_dlc26_vo_actor_Ogres_Maneater_Unit	0	true	false	6	false	false		0.0000	true	1	false
motm_tainted_ogr_inf_maneaters_1		-1	monstrous_infantry	2	false	motm_tainted_ogr_inf_maneaters_1	32	0	1300	wh_main_shp_transport	1	1	16	1300	325	very_heavy		0	true	wh3_main_vo_culture_Ogres	wh3_main_ogr_monstrous_ironfist	3	false	ogre_infantry		false		1300.0000	0.0000	false	vo_culture_None	false	wh3_dlc26_vo_actor_Ogres_Maneater_Unit	0	true	false	6	false	false		0.0000	true	1	false
motm_tainted_ogr_inf_maneaters_2		-1	monstrous_infantry	2	false	motm_tainted_ogr_inf_maneaters_2	32	0	1400	wh_main_shp_transport	1	1	16	1400	350	very_heavy		0	true	wh3_main_vo_culture_Ogres	monstrous_infantry_hammer_ogr	3	false	ogre_infantry		false		1400.0000	0.0000	false	vo_culture_None	false	wh3_dlc26_vo_actor_Ogres_Maneater_Unit	0	true	false	6	false	false		0.0000	true	1	false
motm_tainted_ogr_inf_maneaters_3		-1	monstrous_infantry	2	false	motm_tainted_ogr_inf_maneaters_3	32	0	1500	wh_main_shp_transport	1	1	16	1500	375	very_heavy		0	true	wh3_main_vo_culture_Ogres	wh3_main_ogr_monstrous_pistol	4	false	ogre_infantry		false		1000.0000	400.0000	false	vo_culture_None	false	wh3_dlc26_vo_actor_Ogres_Maneater_Unit	0	true	false	6	false	false		0.0000	true	1	false
motm_tainted_ogr_inf_ogres_0		-1	monstrous_infantry	1	false	motm_tainted_ogr_inf_ogres_0	48	0	550	wh_main_shp_transport	1	1	16	550	138	very_heavy		0	true	wh3_main_vo_culture_Ogres	wh3_main_ogr_monstrous	2	false	ogre_infantry		false		550.0000	0.0000	false	vo_culture_None	false	wh3_main_vo_actor_Ogres_Ogreunit	0	true	false	6	false	false		0.0000	true	1	false
motm_tainted_ogr_inf_ogres_1		-1	monstrous_infantry	1	false	motm_tainted_ogr_inf_ogres_1	48	0	650	wh_main_shp_transport	1	1	16	650	163	very_heavy		0	true	wh3_main_vo_culture_Ogres	wh3_main_ogr_monstrous_dual_weapons	2	false	ogre_infantry		false		650.0000	0.0000	false	vo_culture_None	false	wh3_main_vo_actor_Ogres_Ogreunit	0	true	false	6	false	false		0.0000	true	1	false
motm_tainted_ogr_inf_ogres_2		-1	monstrous_infantry	1	false	motm_tainted_ogr_inf_ogres_2	48	0	650	wh_main_shp_transport	1	1	16	650	163	very_heavy		0	true	wh3_main_vo_culture_Ogres	wh3_main_ogr_monstrous_ironfist	2	false	ogre_infantry		false		650.0000	0.0000	false	vo_culture_None	false	wh3_main_vo_actor_Ogres_Ogreunit	0	true	false	6	false	false		0.0000	true	1	false
motm_tainted_ogr_inf_pigback_riders		-1	melee_infantry	1	false	motm_tainted_ogr_inf_pigback_riders	200	0	400	wh_main_shp_transport	1	1	100	400	100	light		0	true	wh3_main_vo_culture_Ogres	infantry_spear	1	false	wh3_dlc26_pigback_riders		false		400.0000	0.0000	false	vo_culture_None	false	wh3_dlc26_vo_actor_Ogres_Gnoblar_Pigback_Riders_Unit	0	true	false	6	false	false		0.0000	true	1	false
motm_tainted_ogr_mon_blood_vultures		-1	war_beast	1	false	motm_tainted_ogr_mon_blood_vultures	96	0	500	wh_main_shp_transport	1	1	48	500	125	heavy		0	true	wh3_dlc26_vo_culture_Blood_Vulture	wh2_dlc09_tmb_carrion	2	false	wh3_dlc26_ogr_blood_vulture		false		500.0000	0.0000	false	vo_culture_None	false	wh_main_vo_actor_default	0	false	true	0	false	false		0.0000	true	1	false
motm_tainted_ogr_mon_giant_0		-1	monster	2	false	motm_tainted_ogr_mon_giant_0	1	0	1400	wh_main_shp_transport	1	1	1	1400	350	very_heavy		0	true	wh3_main_vo_culture_Ogr_Giants	giant	3	true	ogr_giant		true		1500.0000	0.0000	true	vo_culture_None	false	wh_main_vo_actor_default	0	false	true	2	false	false		0.0000	true	1	false
motm_tainted_ogr_mon_gorgers_0		-1	melee_infantry	2	false	motm_tainted_ogr_mon_gorgers_0	24	0	1000	wh_main_shp_transport	1	1	12	1000	250	heavy		0	true	wh3_main_vo_culture_Gorger	monstrous_infantry	3	true	ogr_gorgers		false		1100.0000	0.0000	true	vo_culture_None	false	wh_main_vo_actor_default	0	false	true	6	false	false		0.0000	true	1	false
motm_tainted_ogr_mon_ogre_spawns		1	monstrous_infantry	1	false	motm_tainted_ogr_mon_ogre_spawns	16	0	950	wh_main_shp_transport	1	1	8	1200	265	heavy		0	true	wh_dlc03_vo_culture_Spawn	chaos_spawn	3	false	chaos_spawn		false		1200.0000	0.0000	true	vo_culture_None	false	wh_main_vo_actor_default	0	false	false	4	false	false		0.0000	true	1	false
motm_tainted_ogr_mon_ogre_spawns_khorne		0	monstrous_infantry	2	false	motm_tainted_ogr_mon_ogre_spawns_khorne	16	0	1050	wh_main_shp_transport	1	1	8	1350	303	heavy		0	true	wh_dlc03_vo_culture_Spawn	chaos_spawn	4	true	kho_spawn_of_khorne		false		1300.0000	0.0000	true	vo_culture_None	false	wh3_main_vo_actor_Khorne_Chaos_Warrior	0	false	false	4	false	false		0.0000	true	1	false
motm_tainted_ogr_mon_ogre_spawns_nurgle		0	monstrous_infantry	2	false	motm_tainted_ogr_mon_ogre_spawns_nurgle	16	0	1050	wh_main_shp_transport	1	1	8	1300	300	heavy		0	true	wh_dlc03_vo_culture_Spawn	chaos_spawn	4	true	nur_spawn_of_nurgle		false		1300.0000	0.0000	true	vo_culture_None	false	wh_main_vo_actor_default	0	false	false	4	false	false		0.0000	true	1	false
motm_tainted_ogr_mon_ogre_spawns_slaanesh		0	monstrous_infantry	2	false	motm_tainted_ogr_mon_ogre_spawns_slaanesh	16	0	1050	wh_main_shp_transport	1	1	8	1300	300	heavy		0	true	wh_dlc03_vo_culture_Spawn	chaos_spawn	4	true	chaos_spawn		false		1300.0000	0.0000	true	vo_culture_None	false	wh_main_vo_actor_default	0	false	false	4	false	false		0.0000	true	1	false
motm_tainted_ogr_mon_ogre_spawns_tzeentch		0	monstrous_infantry	2	false	motm_tainted_ogr_mon_ogre_spawns_tzeentch	16	0	1050	wh_main_shp_transport	1	1	8	1300	300	heavy		0	true	wh_dlc03_vo_culture_Spawn	chaos_spawn	4	true	tze_spawn		false		1300.0000	0.0000	true	vo_culture_None	false	wh_main_vo_actor_default	0	false	false	4	false	false		1000.0000	true	1	false
motm_tainted_ogr_mon_sabretusk_pack_0		-1	war_beast	1	false	motm_tainted_ogr_mon_sabretusk_pack_0	64	0	525	wh_main_shp_transport	1	1	32	525	131	heavy		0	true	wh3_main_vo_culture_Sabertusk	war_beast	2	false	ogr_sabretusk		false		500.0000	0.0000	false	vo_culture_None	false	wh_main_vo_actor_default	0	false	false	6	false	false		0.0000	true	1	false
motm_tainted_ogr_mon_stonehorn_0		-1	monster	2	false	motm_tainted_ogr_mon_stonehorn_0	1	0	1800	wh_main_shp_transport	1	1	1	1800	450	heavy		0	true	wh3_main_vo_culture_Stonehorn	wh3_main_ogr_stonehorn	4	true	ogr_stonehorn		true		1800.0000	0.0000	true	vo_culture_None	false	wh_main_vo_actor_default	0	true	true	2	false	false		0.0000	true	1	false
motm_tainted_ogr_mon_stonehorn_1		-1	monster	3	false	motm_tainted_ogr_mon_stonehorn_1	1	0	2000	wh_main_shp_transport	1	1	1	2000	500	heavy		0	true	wh3_main_vo_culture_Ogres	wh3_main_ogr_stonehorn_missile	5	true	ogr_stonehorn		true		1800.0000	200.0000	true	vo_culture_None	false	wh3_main_vo_actor_Ogres_Ogreunit	0	true	true	2	false	false		0.0000	true	1	false
motm_tainted_ogr_mon_thundertusk		-1	monster	3	false	motm_tainted_ogr_mon_thundertusk	4	0	2300	wh_main_shp_transport	1	1	1	2300	575	very_heavy		0	true	wh3_dlc26_vo_culture_Thundertusk	wh3_dlc26_ogr_thundertusk	5	true	wh3_dlc26_ogr_thundertusk		true		1800.0000	500.0000	true	vo_culture_None	false	wh_main_vo_actor_default	0	true	true	2	false	false		0.0000	true	1	false
motm_tainted_ogr_veh_ironblaster_0		-1	chariot	2	false	motm_tainted_ogr_veh_ironblaster_0	1	0	1700	wh_main_shp_transport	1	1	2	1700	425	medium		0	true	wh3_main_vo_culture_Ogres	artillery_cannon	4	true	emp_luminark		true	composite_scene/porthole/wm_ironblaster_porthole_01.csc	800.0000	900.0000	true	vo_culture_None	false	wh3_main_vo_actor_Ogres_Ogreunit	0	true	false	2	false	false		0.0000	true	1	false
motm_tainted_ogr_veh_scraplauncher_0		-1	chariot	1	false	motm_tainted_ogr_veh_scraplauncher_0	1	0	900	wh_main_shp_transport	1	1	2	900	225	medium		0	true	wh3_main_vo_culture_Ogres	catapult	2	true	emp_luminark		true	composite_scene/porthole/wm_ogr_gnoblar_scraplauncher_porthole_01.csc	400.0000	500.0000	true	vo_culture_None	false	wh3_dlc26_vo_actor_Ogres_Gnoblar_Unit	0	true	false	2	false	false		0.0000	true	1	false
motm_targog		-1	lord	1	false	motm_targog	1	0	1400	wh_main_shp_transport	1	1	1	1000	250	heavy		0	false	wh3_main_vo_culture_Ogres	motm_targog	0	true	ogre_tyrant		true		700.0000	700.0000	true	vo_culture_None	true	wh3_main_vo_actor_Ogres_Tyrant	0	true	false	0	false	false		0.0000	false	1	false
motm_vazgrat		-1	lord	1	false	motm_vazgrat	1	0	1400	wh_main_shp_transport	1	1	1	1000	250	heavy		0	false	wh3_main_vo_culture_Ogres	motm_vazgrat	0	true	ogre_tyrant		true		1400.0000	0.0000	true	vo_culture_None	true	wh3_main_vo_actor_Ogres_Tyrant	0	true	false	0	false	false		0.0000	false	1	false
motm_vazgrat_rhinox		-1	lord	1	false	motm_vazgrat_rhinox	1	0	1650	wh_main_shp_transport	1	1	1	1650	412	very_heavy		0	false	wh3_main_vo_culture_Ogres	motm_vazgrat	0	true	ogr_mournfang_cav	motm_vazgrat_cam_mount	true		1650.0000	0.0000	true	vo_culture_None	true	wh3_main_vo_actor_Ogres_Tyrant	0	true	false	0	false	false		0.0000	false	1	false
nosso_the_nose_0		1	hero	1	false	nosso_the_nose_0	1	0	600	wh_main_shp_transport	1	1	160	650	138	light		0	false	wh3_main_vo_culture_Ogres	wh3_main_ogr_hunter	0	false	grn_goblin_45_degrees		true		450.0000	100.0000	false	vo_culture_None	true	cou_vo_actor_Nosso_Da_Schnozzla	0	true	false	6	false	false		0.0000	true	1	false
nosso_the_nose_1		1	hero	1	false	nosso_the_nose_1	24	0	900	wh_main_shp_transport	1	1	160	650	215	light		0	false	wh3_main_vo_culture_Ogres	wh3_main_ogr_hunter	0	false	grn_goblin_45_degrees		true		450.0000	100.0000	false	vo_culture_None	true	cou_vo_actor_Nosso_Da_Schnozzla	0	true	false	6	false	false		0.0000	true	1	false
ogr_arachnarok_spider_0		-1	monster	2	false	ogr_arachnarok_spider_0	16	0	1700	wh_main_shp_transport	1	1	8	1700	425	very_heavy		0	false	wh_main_vo_culture_Spider_Large	grn_arachnarok	4	true	grn_aracknarok		true	composite_scene\porthole\arachnarok_porthole_01.csc	1700.0000	0.0000	true	vo_culture_None	false	wh_main_vo_actor_default	0	false	true	2	false	false		0.0000	true	1	false
ogr_arachnarok_spider_flinger		-1	monster	2	false	ogr_arachnarok_spider_flinger	8	0	1950	wh_main_shp_transport	1	1	8	1950	488	very_heavy		0	false	wh_main_vo_culture_Spider_Large	wh3_dlc26_grn_mon_arachnarok_spider_flinger	4	true	grn_aracknarok		true	composite_scene\porthole\arachnarok_flinger_porthole_01.csc	1700.0000	250.0000	true	vo_culture_None	false	wh_main_vo_actor_default	0	false	true	2	false	false		0.0000	true	1	false
ogr_flame_spirits		-1	monstrous_infantry	1	false	ogr_flame_spirits	24	0	1100	wh_main_shp_transport	1	1	8	0	90	medium		0	true	wh3_dlc23_vo_culture_Chd_Kdaai_Fireborn	um_ogr_morg_flame_spirits	1	false	chd_kdaai_fireborn		false		350.0000	0.0000	false	vo_culture_None	false	wh_main_vo_actor_default	0	false	true	6	false	false		0.0000	true	1	false
ogr_flame_spirits_summoned		-1	monstrous_infantry	1	false	ogr_flame_spirits_summoned	24	0	1100	wh_main_shp_transport	1	1	8	0	0	medium		0	true	wh3_dlc23_vo_culture_Chd_Kdaai_Fireborn	um_ogr_morg_flame_spirits	1	false	chd_kdaai_fireborn		false		0.0000	0.0000	false	vo_culture_None	false	wh_main_vo_actor_default	0	false	true	6	false	false		0.0000	true	1	false
ogr_flame_thrower		-1	monstrous_infantry	2	false	ogr_flame_thrower	32	0	1000	wh_main_shp_transport	1	1	16	1400	310	very_heavy		0	true	wh3_main_vo_culture_Ogres	um_ogr_morg_flame_army_cannon	4	false	ogr_leadbelcher		false		400.0000	600.0000	true	vo_culture_None	false	wh3_main_vo_actor_Ogres_Ogreunit	0	true	false	6	false	false		0.0000	true	1	false
ogr_flameeater_hammer		-1	monstrous_infantry	2	false	ogr_flameeater_hammer	32	0	1400	wh_main_shp_transport	1	1	16	1500	355	very_heavy		0	true	wh3_main_vo_culture_Ogres	um_ogr_morg_flame_army	3	false	ogre_infantry		false		1400.0000	0.0000	false	vo_culture_None	false	wh3_dlc26_vo_actor_Ogres_Maneater_Unit	0	true	false	6	false	false		0.0000	true	1	false
ogr_flameeater_pistol		-1	monstrous_infantry	2	false	ogr_flameeater_pistol	32	0	1500	wh_main_shp_transport	1	1	16	1400	330	very_heavy		0	true	wh3_main_vo_culture_Ogres	um_ogr_morg_flame_army	4	false	ogre_infantry		false		1000.0000	400.0000	false	vo_culture_None	false	wh3_dlc26_vo_actor_Ogres_Maneater_Unit	0	true	false	6	false	false		0.0000	true	1	false
ogr_flamewarrior		-1	monstrous_infantry	1	false	ogr_flamewarrior	48	0	550	wh_main_shp_transport	1	1	16	600	143	very_heavy		0	true	wh3_main_vo_culture_Ogres	um_ogr_morg_flame_army	2	false	ogre_infantry		false		550.0000	0.0000	false	vo_culture_None	false	wh3_main_vo_actor_Ogres_Ogreunit	0	true	false	6	false	false		0.0000	true	1	false
ogr_hrothgul_yhetees_great_weapon		-1	monstrous_infantry	2	false	ogr_hrothgul_yhetees_great_weapon	32	0	1500	wh_main_shp_transport	1	1	16	1400	350	very_heavy		0	true	wh3_dlc26_vo_culture_Yhetee	wh_dlc03_minotaurs_great_weapon	3	false	ogre_infantry		false		1400.0000	0.0000	false	vo_culture_None	false	wh_main_vo_actor_default	0	true	false	6	false	false		0.0000	true	1	false
ogr_hrothgul_yhetees_ironfists		-1	monstrous_infantry	2	false	ogr_hrothgul_yhetees_ironfists	32	0	1300	wh_main_shp_transport	1	1	16	1300	325	very_heavy		0	true	wh3_dlc26_vo_culture_Yhetee	monstrous_infantry	3	false	ogre_infantry		false		1300.0000	0.0000	false	vo_culture_None	false	wh_main_vo_actor_default	0	true	false	6	false	false		0.0000	true	1	false
ogr_ice_mammoth_feral		-1	monster	2	false	ogr_ice_mammoth_feral	1	0	1450	wh_main_shp_transport	1	1	1	1490	365	super_heavy		0	true	wh_dlc08_vo_culture_war_mammoth	nor_mammoth	4	true	nor_war_mammoth		true		1450.0000	0.0000	true	wh_main_vo_culture_Chaos	false	wh_main_vo_actor_default	0	true	true	3	false	false		0.0000	true	1	false
ogr_lava_arachnarok_ror		-1	monster	3	false	ogr_lava_arachnarok_ror	16	1	1900	wh_main_shp_transport	1	1	8	1900	475	very_heavy		0	false	wh_main_vo_culture_Spider_Large	grn_arachnarok	5	true	grn_aracknarok		true	composite_scene\porthole\arachnarok_lava_porthole_01.csc	1900.0000	0.0000	true	vo_culture_None	false	wh_main_vo_actor_default	0	false	true	1	false	false		0.0000	true	1	true
seals_khor_chs_mon_giant		-1	monster	2	false	seals_khor_chs_mon_giant	1	0	1650	wh_main_shp_transport	1	1	1	1650	400	very_heavy		0	true	wh_main_vo_culture_Giant	giant	4	true	grn_giant		true		1500.0000	0.0000	true	vo_culture_None	false	wh_main_vo_actor_default	0	false	true	2	false	false		0.0000	true	1	false
um_bul_mallet		-1	lord	1	false	um_bul_mallet	1	0	800	wh_main_shp_transport	1	1	1	1350	343	heavy		0	false	wh3_main_vo_culture_Ogres	um_bul_mallet	0	true	ogre_tyrant		true		1350.0000	0.0000	true	vo_culture_None	true	wh3_dlc26_vo_actor_Ogres_Paymaster	0	true	false	0	false	false		0.0000	true	1	false
um_bul_mallet_arachnarok		-1	lord	1	false	um_bul_mallet_arachnarok	10	0	1850	wh_main_shp_transport	1	1	5	1850	462	very_heavy		0	false	wh3_main_vo_culture_Ogres	um_bul_mallet	0	true	ogre_tyrant	um_bul_mallet_arachnarok	true		1850.0000	0.0000	true	vo_culture_None	true	wh3_dlc26_vo_actor_Ogres_Paymaster	0	true	true	0	false	false		0.0000	true	1	false
um_gnoblar_grillers		-1	melee_infantry	1	false	um_gnoblar_grillers	240	0	200	wh_main_shp_transport	1	1	120	200	50	light		0	true	wh3_main_vo_culture_Ogres	infantry_spear	1	false	grn_goblin_45_degrees		false		200.0000	0.0000	false	vo_culture_None	false	wh3_main_vo_actor_Ogres_Gnoblarunit	0	true	false	6	false	false		0.0000	true	1	false
um_gnoblar_grillers_ror		1	missile_infantry	1	false	um_gnoblar_grillers_ror	240	0	500	wh_main_shp_transport	1	1	120	500	125	light		0	true	wh3_main_vo_culture_Ogres	wh3_main_ogr_throwing_dagger_infantry	2	false	grn_goblin_45_degrees		false		250.0000	250.0000	false	vo_culture_None	false	wh3_main_vo_actor_Ogres_Gnoblarunit	0	true	false	6	false	false		0.0000	true	1	true
um_gnoblar_spider_riders_0		-1	melee_cavalry	1	false	um_gnoblar_spider_riders_0	120	0	425	wh_main_shp_transport	1	1	60	425	106	medium		0	false	wh3_main_vo_culture_Ogres	cavalry_spider	1	false	grn_goblin_spider_rider		false		425.0000	0.0000	false	vo_culture_None	false	wh3_dlc26_vo_actor_Ogres_Gnoblar_Pigback_Riders_Unit	0	true	false	6	false	false		0.0000	true	1	false
um_gnoblar_spider_riders_1		-1	missile_cavalry	1	false	um_gnoblar_spider_riders_1	120	0	475	wh_main_shp_transport	1	1	60	475	119	medium		0	false	wh3_main_vo_culture_Ogres	missile_cavalry_bow_spider	1	false	grn_goblin_spider_rider		false		100.0000	375.0000	false	vo_culture_None	false	wh3_dlc26_vo_actor_Ogres_Gnoblar_Pigback_Riders_Unit	0	true	false	5	false	false		0.0000	true	1	false
um_gnoblar_spider_riders_ror		1	missile_cavalry	1	false	um_gnoblar_spider_riders_ror	120	0	475	wh_main_shp_transport	1	1	60	475	119	medium		0	true	wh_main_vo_culture_Goblin	missile_cavalry_bow_spider	1	false	grn_goblin_spider_rider		false		100.0000	375.0000	false	vo_culture_None	false	wh_main_vo_actor_Goblin_SpiderRider	0	true	false	5	false	false		0.0000	true	1	true
um_kho_bruiser		-1	hero	1	false	um_kho_bruiser	1	0	900	wh_main_shp_transport	1	1	1	1050	245	heavy		0	false	wh3_main_vo_culture_Ogres	um_kho_bruiser	0	true	wh3_dlc26_bruiser		true		900.0000	0.0000	true	vo_culture_None	true	wh3_dlc26_vo_actor_Ogres_Bruiser	0	true	false	0	false	false		0.0000	true	1	false
um_kho_ogre_0		-1	monstrous_infantry	1	false	um_kho_ogre_0	48	0	550	wh_main_shp_transport	1	1	16	650	152	very_heavy		0	true	wh3_main_vo_culture_Ogres	wh3_main_ogr_monstrous	2	false	ogre_infantry		false		550.0000	0.0000	false	vo_culture_None	false	wh3_main_vo_actor_Ogres_Ogreunit	0	true	false	6	false	false		0.0000	true	1	false
um_kho_ogre_1		-1	monstrous_infantry	1	false	um_kho_ogre_1	48	0	650	wh_main_shp_transport	1	1	16	750	185	very_heavy		0	true	wh3_main_vo_culture_Ogres	wh3_main_ogr_monstrous_dual_weapons	2	false	ogre_infantry		false		650.0000	0.0000	false	vo_culture_None	false	wh3_main_vo_actor_Ogres_Ogreunit	0	true	false	6	false	false		0.0000	true	1	false
um_kho_ogre_2		-1	monstrous_infantry	1	false	um_kho_ogre_2	48	0	650	wh_main_shp_transport	1	1	16	750	185	very_heavy		0	true	wh3_main_vo_culture_Ogres	wh3_main_ogr_monstrous_ironfist	2	false	ogre_infantry		false		650.0000	0.0000	false	vo_culture_None	false	wh3_main_vo_actor_Ogres_Ogreunit	0	true	false	6	false	false		0.0000	true	1	false
um_motm_leadbelcher_ror		1	missile_cavalry	2	false	um_motm_leadbelcher_ror	24	0	1100	wh_main_shp_transport	1	1	8	1290	300	medium		0	true	wh3_main_vo_culture_Ogres	um_motm_leadbelcher_ror	4	false	ogr_leadbelcher		false		600.0000	700.0000	true	vo_culture_None	false	wh3_main_vo_actor_Ogres_Ogreunit	0	true	false	6	false	false		0.0000	true	1	true
um_nur_vortex_beast		-1	monster	2	false	um_nur_vortex_beast	1	0	2100	wh_main_shp_transport	1	1	1	2120	527	super_heavy		0	true	wh3_dlc24_vo_culture_mutalith_vortex_beast	wh3_dlc24_mon_mutalith_vortex_beast	5	true	chaos_dragon_ogre		true		2120.0000	0.0000	true	vo_culture_None	false	wh_main_vo_actor_default	0	false	true	0	false	false		0.0000	true	1	false
um_nur_vortex_beast_ror		1	monster	2	false	um_nur_vortex_beast_ror	1	0	2100	wh_main_shp_transport	1	1	1	2120	527	super_heavy		0	true	wh3_dlc24_vo_culture_mutalith_vortex_beast	wh3_dlc24_mon_mutalith_vortex_beast	5	true	chaos_dragon_ogre		true		2120.0000	0.0000	true	vo_culture_None	false	wh3_dlc26_vo_actor_Khorne_Slaughterbrute	0	false	true	0	false	false		0.0000	true	1	true
um_ogr_araby_bulls_01		-1	monstrous_infantry	1	false	um_ogr_araby_bulls_01	48	0	550	wh_main_shp_transport	1	1	16	550	138	very_heavy		0	true	wh3_main_vo_culture_Ogres	wh3_main_ogr_monstrous	2	false	ogre_infantry		false		550.0000	0.0000	false	vo_culture_None	false	wh3_main_vo_actor_Ogres_Ogreunit	0	true	false	6	false	false		0.0000	true	1	false
um_ogr_araby_bulls_02		-1	monstrous_infantry	1	false	um_ogr_araby_bulls_02	48	0	650	wh_main_shp_transport	1	1	16	650	163	very_heavy		0	true	wh3_main_vo_culture_Ogres	wh3_main_ogr_monstrous_dual_weapons	2	false	ogre_infantry		false		650.0000	0.0000	false	vo_culture_None	false	wh3_main_vo_actor_Ogres_Ogreunit	0	true	false	6	false	false		0.0000	true	1	false
um_ogr_araby_bulls_03		-1	monstrous_infantry	1	false	um_ogr_araby_bulls_03	48	0	650	wh_main_shp_transport	1	1	16	650	163	very_heavy		0	true	wh3_main_vo_culture_Ogres	wh3_main_ogr_monstrous_ironfist	2	false	ogre_infantry		false		650.0000	0.0000	false	vo_culture_None	false	wh3_main_vo_actor_Ogres_Ogreunit	0	true	false	6	false	false		0.0000	true	1	false
um_ogr_araby_bulls_cav_01		-1	monstrous_cavalry	2	false	um_ogr_araby_bulls_cav_01	24	0	1100	wh_main_shp_transport	1	1	8	1100	275	medium		0	true	wh3_main_vo_culture_Ogres	wh3_dlc26_ogr_cavalry_mournfang_club	3	false	ogr_mournfang_cav		false		1100.0000	0.0000	true	vo_culture_None	false	wh3_main_vo_actor_Ogres_Ogreunit	0	true	false	6	false	false		0.0000	true	1	false
um_ogr_araby_bulls_cav_02		-1	monstrous_cavalry	2	false	um_ogr_araby_bulls_cav_02	24	0	1250	wh_main_shp_transport	1	1	8	1250	313	medium		0	true	wh3_main_vo_culture_Ogres	wh3_dlc26_ogr_cavalry_mournfang_club	3	false	ogr_mournfang_cav		false		1250.0000	0.0000	true	vo_culture_None	false	wh3_main_vo_actor_Ogres_Ogreunit	0	true	false	6	false	false		0.0000	true	1	false
um_ogr_araby_bulls_cav_03		-1	monstrous_cavalry	2	false	um_ogr_araby_bulls_cav_03	24	0	1350	wh_main_shp_transport	1	1	8	1350	338	medium		0	true	wh3_main_vo_culture_Ogres	wh3_dlc26_ogr_cavalry_mournfang_great_weapon	3	false	ogr_mournfang_cav		false		1350.0000	0.0000	true	vo_culture_None	false	wh3_main_vo_actor_Ogres_Ogreunit	0	true	false	6	false	false		0.0000	true	1	false
um_ogr_blackpowder		1	chariot	2	false	um_ogr_blackpowder	4	0	1700	wh_main_shp_transport	2	2	4	2500	595	heavy		0	true	wh3_main_vo_culture_Ogres	um_ogr_blackpowder	4	true	emp_luminark		true		800.0000	900.0000	true	vo_culture_None	false	wh3_main_vo_actor_Ogres_Ogreunit	0	true	false	2	false	false		0.0000	true	1	true
um_ogr_blaut		-1	lord	1	false	um_ogr_blaut	1	0	1250	wh_main_shp_transport	1	1	1	1250	312	heavy		0	false	wh3_main_vo_culture_Ogres	um_ogr_blaut	0	true	wh3_dlc26_ogr_golgfag_maneater		true		1250.0000	0.0000	true	vo_culture_None	true	wh3_main_vo_actor_Ogres_Slaughtermaster	0	true	false	0	false	false		0.0000	false	1	false
um_ogr_blu		1	monster	2	false	um_ogr_blu	1	0	1400	wh_main_shp_transport	1	1	1	2400	600	very_heavy		0	true	wh_main_vo_culture_Giant	um_ogr_blu	3	true	grn_giant		true		1500.0000	550.0000	true	vo_culture_None	false	wh_main_vo_actor_default	0	false	true	2	false	false		0.0000	true	1	true
um_ogr_captain		-1	monstrous_infantry	1	false	um_ogr_captain	1	0	1250	wh_main_shp_transport	1	1	1	1250	320	heavy		0	true	wh3_main_vo_culture_Ogres	um_ogr_captain	3	true	wh3_dlc26_eshin_maneater		true		1250.0000	0.0000	true	vo_culture_None	true	wh3_dlc26_vo_actor_Ogres_Maneater_Unit	0	true	false	2	false	false		0.0000	true	1	false
um_ogr_corrupt_throwers		-1	monstrous_infantry	2	false	um_ogr_corrupt_throwers	32	0	1050	wh_main_shp_transport	1	1	16	1100	277	very_heavy		0	true	wh3_main_vo_culture_Ogres	wh3_main_ogr_monstrous_cannon	3	false	ogr_leadbelcher		false		400.0000	600.0000	true	vo_culture_None	false	wh3_main_vo_actor_Ogres_Ogreunit	0	true	false	6	false	false		0.0000	true	1	false
um_ogr_dirty_shanks		1	melee_infantry	2	false	um_ogr_dirty_shanks	24	0	1000	wh_main_shp_transport	1	1	12	1300	325	heavy		0	true	wh3_main_vo_culture_Gorger	monstrous_infantry	3	true	ogr_gorgers		false		1250.0000	0.0000	true	vo_culture_None	false	wh_main_vo_actor_default	0	false	true	6	false	false		0.0000	true	1	true
um_ogr_diver_01		-1	monstrous_infantry	1	false	um_ogr_diver_01	1	0	1250	wh_main_shp_transport	1	1	1	1250	315	heavy		0	true	wh3_main_vo_culture_Ogres	um_ogr_diver_01	3	true	wh3_dlc26_eshin_maneater		true		1250.0000	0.0000	true	vo_culture_None	true	wh3_dlc26_vo_actor_Ogres_Maneater_Unit	0	true	false	2	false	false		0.0000	true	1	false
um_ogr_diver_02		-1	monstrous_infantry	1	false	um_ogr_diver_02	1	0	1250	wh_main_shp_transport	1	1	1	1250	325	heavy		0	true	wh3_main_vo_culture_Ogres	um_ogr_diver_02	3	true	wh3_dlc26_eshin_maneater		true		1250.0000	0.0000	true	vo_culture_None	true	wh3_dlc26_vo_actor_Ogres_Maneater_Unit	0	true	false	2	false	false		0.0000	true	1	false
um_ogr_diver_03		-1	monstrous_infantry	1	false	um_ogr_diver_03	1	0	1250	wh_main_shp_transport	1	1	1	1250	315	heavy		0	true	wh3_main_vo_culture_Ogres	um_ogr_diver_01	3	true	wh3_dlc26_eshin_maneater		true		1250.0000	0.0000	true	vo_culture_None	true	wh3_dlc26_vo_actor_Ogres_Maneater_Unit	0	true	false	2	false	false		0.0000	true	1	false
um_ogr_dwf_labourer		-1	melee_infantry	1	false	um_ogr_dwf_labourer	200	0	275	wh_main_shp_transport	1	1	100	272	62	heavy		0	true	wh_main_vo_culture_Dwarf	infantry_pickaxe	1	false	dwf_warrior_15_degrees		false		180.0000	0.0000	false	vo_culture_None	false	wh_main_vo_actor_Dwarf_Infantry	0	true	false	6	false	false		0.0000	true	1	false
um_ogr_earth_elemental		-1	monstrous_infantry	1	false	um_ogr_earth_elemental	1	0	950	wh_main_shp_transport	1	1	1	1780	445	very_heavy		0	true	wh2_dlc11_vo_culture_Mourngul	monster_generic	0	false	cst_mournguls		false		1000.0000	0.0000	true	vo_culture_None	false	wh_main_vo_actor_default	0	false	false	6	false	false		0.0000	true	1	false
um_ogr_flamefang_cavalry		-1	monstrous_cavalry	2	false	um_ogr_flamefang_cavalry	24	0	1100	wh_main_shp_transport	1	1	8	1200	280	medium		0	true	wh3_main_vo_culture_Ogres	um_ogr_morg_flame_army_cavalry	3	false	ogr_mournfang_cav		false		1100.0000	0.0000	true	vo_culture_None	false	wh3_main_vo_actor_Ogres_Ogreunit	0	true	false	6	false	false		0.0000	true	1	false
um_ogr_flamefang_cavalry_summoned		-1	monstrous_cavalry	2	false	um_ogr_flamefang_cavalry_summoned	24	0	1100	wh_main_shp_transport	1	1	8	0	0	medium		0	true	wh3_main_vo_culture_Ogres	um_ogr_morg_flame_army	3	false	ogr_mournfang_cav		false		1100.0000	0.0000	true	vo_culture_None	false	wh3_main_vo_actor_Ogres_Ogreunit	0	true	false	6	false	false		0.0000	true	1	false
um_ogr_flamegut		-1	monstrous_infantry	2	false	um_ogr_flamegut	32	0	1100	wh_main_shp_transport	1	1	16	1200	280	very_heavy		0	true	wh3_main_vo_culture_Ogres	um_ogr_morg_flame_army	3	false	ogre_infantry		false		1100.0000	0.0000	false	vo_culture_None	false	wh3_main_vo_actor_Ogres_Ogreunit	0	true	false	6	false	false		0.0000	true	1	false
um_ogr_fulg		-1	lord	1	false	um_ogr_fulg	1	0	1350	wh_main_shp_transport	1	1	1	1350	390	heavy		0	false	wh3_main_vo_culture_Ogres	um_ogr_fulg	0	true	ogre_tyrant		true		1350.0000	0.0000	true	vo_culture_None	true	wh3_main_vo_actor_Ogres_Tyrant	0	true	false	0	false	false		0.0000	true	1	false
um_ogr_fulg_brood		-1	lord	1	false	um_ogr_fulg_brood	1	0	1800	wh_main_shp_transport	1	1	1	1800	450	heavy		0	true	wh3_main_vo_culture_Ogres	um_ogr_fulg	0	true	ogre_tyrant	um_ogr_fulg_brood	true		1800.0000	0.0000	true	vo_culture_None	true	wh3_main_vo_actor_Ogres_Ogreunit	0	true	false	6	false	false		0.0000	true	1	false
um_ogr_gatling		-1	monstrous_infantry	2	false	um_ogr_gatling	32	0	1000	wh_main_shp_transport	1	1	16	1000	250	very_heavy		0	true	wh3_main_vo_culture_Ogres	um_ogr_gatling	3	false	ogr_leadbelcher		false		400.0000	600.0000	true	vo_culture_None	false	wh3_main_vo_actor_Ogres_Ogreunit	0	true	false	6	false	false		0.0000	true	1	false
um_ogr_goblin_labourer		-1	melee_infantry	1	false	um_ogr_goblin_labourer	360	0	150	wh_main_shp_transport	1	1	180	150	37	light		0	true	wh_main_vo_culture_Goblin	infantry_spear	1	false	grn_goblin_45_degrees		false		150.0000	0.0000	false	vo_culture_None	false	wh3_dlc23_vo_actor_Chaos_Dwarf_Goblin_Labourer	0	true	false	6	false	false		0.0000	true	1	false
um_ogr_golthog		-1	hero	1	false	um_ogr_golthog	1	0	1200	wh_main_shp_transport	1	1	1	0	315	heavy		0	false	wh3_main_vo_culture_Ogres	um_ogr_golthog	0	true	wh3_dlc26_bragg		true		1200.0000	0.0000	true	vo_culture_None	true	wh3_dlc26_vo_actor_Ogres_Maneater_Unit	0	true	false	0	false	false		0.0000	true	1	false
um_ogr_gragtar		-1	hero	1	false	um_ogr_gragtar	1	0	900	wh_main_shp_transport	1	1	1	0	285	heavy		0	false	wh3_main_vo_culture_Ogres	wizard_fire	0	true	ogre_infantry		true		750.0000	0.0000	true	vo_culture_None	true	wh3_main_vo_actor_Ogres_Firebelly	0	true	false	2	false	false		0.0000	true	1	false
um_ogr_halfling		-1	hero	1	false	um_ogr_halfling	1	0	900	wh_main_shp_transport	1	1	1	600	145	medium		0	false	wh_main_vo_culture_Dwarf	um_ogr_halfling	0	true	dwf_lord_units		true		450.0000	0.0000	false	vo_culture_None	true	wh_main_vo_actor_Dwarf_Lord	0	true	false	2	false	false		0.0000	true	1	false
um_ogr_halfling_1		-1	hero	1	false	um_ogr_halfling_1	1	0	1250	wh_main_shp_transport	1	1	1	850	207	heavy		0	false	wh_main_vo_culture_Dwarf	um_ogr_halfling	0	true	dwf_runelord_anvil	um_ogr_halifling_mount_table_campaign	true		850.0000	0.0000	false	vo_culture_None	true	wh_main_vo_actor_Dwarf_Lord	0	true	false	2	false	false		0.0000	true	1	false
um_ogr_karaka		-1	lord	1	false	um_ogr_karaka	1	0	1150	wh_main_shp_transport	1	1	1	1350	343	heavy		0	false	wh3_main_vo_culture_Nurgle	um_ogr_karaka	0	true	ogre_tyrant		true		1350.0000	0.0000	true	vo_culture_None	true	wh3_dlc25_vo_actor_Nurgle_Kayzk_the_Befouled	0	true	false	0	false	false		0.0000	true	1	false
um_ogr_karaka_giant_mnur		-1	monster	2	false	um_ogr_karaka_giant_mnur	1	0	1400	wh_main_shp_transport	1	1	1	1400	350	very_heavy		0	true	wh3_main_vo_culture_Ogr_Giants	giant	3	true	ogr_giant		true		1500.0000	0.0000	true	vo_culture_None	false	wh_main_vo_actor_default	0	false	true	2	false	false		0.0000	true	1	false
um_ogr_karaka_vortex_beast		-1	lord	1	false	um_ogr_karaka_vortex_beast	1	0	2100	wh_main_shp_transport	1	1	1	1900	490	heavy		0	false	wh3_main_vo_culture_Nurgle	um_ogr_karaka	0	true	ogre_infantry	um_ogr_karaka_vortex_beast	true		1750.0000	0.0000	true	vo_culture_None	true	wh3_dlc25_vo_actor_Nurgle_Kayzk_the_Befouled	0	true	false	2	false	false		0.0000	true	1	false
um_ogr_laborer		-1	monstrous_infantry	2	false	um_ogr_laborer	32	0	400	wh_main_shp_transport	1	1	16	550	100	very_heavy		0	true	wh3_main_vo_culture_Ogres	infantry_axe_great_labourers	1	false	ogre_infantry		false		375.0000	0.0000	false	vo_culture_None	false	wh3_dlc26_vo_actor_Ogres_Maneater_Unit	0	true	false	6	false	false		0.0000	true	1	false
um_ogr_lead_fire		-1	monstrous_infantry	2	false	um_ogr_lead_fire	32	0	1000	wh_main_shp_transport	1	1	16	1000	250	very_heavy		0	true	wh3_main_vo_culture_Ogres	um_ogr_lead_fire	3	false	ogr_leadbelcher		false		400.0000	600.0000	true	vo_culture_None	false	wh3_main_vo_actor_Ogres_Ogreunit	0	true	false	6	false	false		0.0000	true	1	false
um_ogr_lead_snipe		-1	monstrous_infantry	2	false	um_ogr_lead_snipe	32	0	1000	wh_main_shp_transport	1	1	16	1000	250	very_heavy		0	true	wh3_main_vo_culture_Ogres	um_ogr_lead_snipe	3	false	ogr_leadbelcher		false		400.0000	600.0000	true	vo_culture_None	false	wh3_main_vo_actor_Ogres_Ogreunit	0	true	false	6	false	false		0.0000	true	1	false
um_ogr_man_labourer		-1	melee_infantry	1	false	um_ogr_man_labourer	240	0	600	wh_main_shp_transport	1	1	120	520	115	medium		0	true	wh_main_vo_culture_Empire	wh_dlc04_emp_flagelllents	2	false	emp_soldier_15_degrees		false		600.0000	0.0000	false	vo_culture_None	false	wh_dlc04_vo_actor_Empire_Inf	0	true	false	6	false	false		0.0000	true	1	false
um_ogr_manbiters		1	melee_infantry	1	false	um_ogr_manbiters	64	0	1200	wh_main_shp_transport	1	1	80	1020	255	super_heavy		0	true	wh3_main_vo_culture_Ogres	wh2_main_skv_infantry_censer	3	false	ogre_infantry		false		1020.0000	0.0000	false	vo_culture_None	false	wh3_main_vo_actor_Ogres_Gnoblarunit	0	true	false	6	false	false		0.0000	true	1	true
um_ogr_morg		-1	lord	1	false	um_ogr_morg	1	0	1450	wh_main_shp_transport	1	1	1	1500	350	heavy		0	false	wh3_main_vo_culture_Ogres	um_ogr_morg	0	true	ogre_infantry		true		1450.0000	0.0000	true	vo_culture_None	true	wh3_main_vo_actor_Ogres_Firebelly	0	true	false	0	false	false		0.0000	false	1	false
um_ogr_morg_ironguts_ror		1	monstrous_infantry	2	false	um_ogr_morg_ironguts_ror	32	0	1100	wh_main_shp_transport	1	1	16	1100	285	very_heavy		0	true	wh3_main_vo_culture_Ogres	wh3_main_ogr_monstrous_great_weapons	3	false	ogre_infantry		false		1100.0000	0.0000	true	vo_culture_None	false	wh3_main_vo_actor_Ogres_Ogreunit	0	true	false	6	false	false		0.0000	true	1	true
um_ogr_old_funder		-1	hero	1	false	um_ogr_old_funder	1	0	900	wh_main_shp_transport	1	1	1	900	290	heavy		0	false	wh3_main_vo_culture_Ogres	dwf_master_engineer	0	true	wh3_dlc26_bruiser		true		900.0000	0.0000	true	vo_culture_None	true	wh3_dlc26_vo_actor_Ogres_Bruiser	0	true	false	0	false	false		0.0000	true	1	false
um_ogr_old_funders_boys		1	monstrous_infantry	1	false	um_ogr_old_funders_boys	48	0	650	wh_main_shp_transport	1	1	16	1240	310	very_heavy		0	true	wh3_main_vo_culture_Ogres	infantry_axe_dual	2	false	ogre_infantry		false		1220.0000	0.0000	false	vo_culture_None	false	wh3_main_vo_actor_Ogres_Ogreunit	0	true	false	6	false	false		0.0000	true	1	true
um_ogr_orc_labourer		-1	melee_infantry	1	false	um_ogr_orc_labourer	280	0	250	wh_main_shp_transport	1	1	140	300	75	heavy		0	true	wh_main_vo_culture_Orc	infantry_axe_great_labourers	1	false	grn_orc_0_degrees		false		300.0000	0.0000	false	vo_culture_None	false	wh3_dlc23_vo_actor_Chaos_Dwarf_Orc_Labourer	0	true	false	6	false	false		0.0000	true	1	false
um_ogr_pit_champions		-1	monstrous_infantry	2	false	um_ogr_pit_champions	32	0	1300	wh_main_shp_transport	1	1	16	1320	325	very_heavy		0	true	wh3_main_vo_culture_Ogres	motm_ogr_pit_fighters	4	false	ogre_infantry		false		1200.0000	500.0000	false	vo_culture_None	false	wh3_dlc26_vo_actor_Ogres_Maneater_Unit	0	true	false	6	false	false		0.0000	true	1	false
um_ogr_pit_champions_mount		-1	monstrous_cavalry	2	false	um_ogr_pit_champions_mount	24	0	1750	wh_main_shp_transport	1	1	8	1840	450	medium		0	true	wh3_main_vo_culture_Ogres	motm_ogr_pit_fighters_cavalry	5	false	ogr_mournfang_cav		false		1700.0000	550.0000	true	vo_culture_None	false	wh3_main_vo_actor_Ogres_Ogreunit	0	true	false	6	false	false		0.0000	true	1	false
um_ogr_plague_bruiser_0		-1	hero	1	false	um_ogr_plague_bruiser_0	1	0	850	wh_main_shp_transport	1	1	1	900	225	heavy		0	false	wh3_main_vo_culture_Nurgle	wh3_dlc26_ogr_bruiser	0	true	wh3_dlc26_bruiser		true		900.0000	0.0000	true	vo_culture_None	true	wh3_dlc20_vo_actor_Nurgle_Exalted_Hero_of_Nurgle	0	true	false	0	false	false		0.0000	true	1	false
um_ogr_plague_guts		-1	monstrous_infantry	2	false	um_ogr_plague_guts	32	0	1100	wh_main_shp_transport	1	1	16	1150	285	very_heavy		0	true	wh3_main_vo_culture_Nurgle	wh3_main_ogr_monstrous_great_weapons	3	false	ogre_infantry		false		1100.0000	0.0000	false	vo_culture_None	false	wh3_dlc25_vo_actor_Nurgle_Plagueogre_unit	0	true	false	6	false	false		0.0000	true	1	false
um_ogr_plague_tyrant_0		-1	lord	1	false	um_ogr_plague_tyrant_0	1	0	1150	wh_main_shp_transport	1	1	1	1350	343	heavy		0	false	wh3_main_vo_culture_Nurgle	um_ogr_plague_tyrant_0	0	true	ogre_tyrant		true		1350.0000	0.0000	true	vo_culture_None	true	wh3_dlc25_vo_actor_Nurgle_Lord_of_Nurgle	0	true	false	0	false	false		0.0000	true	1	false
um_ogr_plague_tyrant_0_vortex_beast		-1	lord	1	false	um_ogr_plague_tyrant_0_vortex_beast	1	0	2000	wh_main_shp_transport	1	1	1	1900	480	heavy		0	false	wh3_main_vo_culture_Nurgle	um_ogr_plague_tyrant_0	0	true	ogre_infantry	um_ogr_plague_tyrant_0_vortex_beast	true		1650.0000	0.0000	true	vo_culture_None	true	wh3_dlc25_vo_actor_Nurgle_Lord_of_Nurgle	0	true	false	2	false	false		0.0000	true	1	false
um_ogr_plaguebelly_0		-1	hero	1	false	um_ogr_plaguebelly_0	1	0	750	wh_main_shp_transport	1	1	1	1000	250	heavy		0	false	wh3_main_vo_culture_Nurgle	wh3_main_wizard_nurgle	0	true	ogre_infantry		true		750.0000	0.0000	true	wh_main_vo_culture_Chaos	true	wh3_dlc25_vo_actor_Nurgle_Sorcerer_of_Nurgle	0	true	false	2	false	false		0.0000	true	1	false
um_ogr_rothnogg		-1	hero	1	false	um_ogr_rothnogg	1	0	1250	wh_main_shp_transport	1	1	1	0	305	heavy		0	false	wh3_main_vo_culture_Ogres	um_ogr_rothnogg	0	true	ogre_infantry		true		750.0000	0.0000	true	vo_culture_None	true	wh3_main_vo_actor_Ogres_Butcher	0	true	false	2	false	false		0.0000	true	1	false
um_ogr_sand_guts_01		-1	monstrous_infantry	2	false	um_ogr_sand_guts_01	32	0	1100	wh_main_shp_transport	1	1	16	1100	275	very_heavy		0	true	wh3_main_vo_culture_Ogres	wh3_main_ogr_monstrous_great_weapons	3	false	ogre_infantry		false		1100.0000	0.0000	false	vo_culture_None	false	wh3_main_vo_actor_Ogres_Ogreunit	0	true	false	6	false	false		0.0000	true	1	false
um_ogr_sand_guts_cav_01		-1	monstrous_cavalry	2	false	um_ogr_sand_guts_cav_01	24	0	1800	wh_main_shp_transport	1	1	8	1800	450	medium		0	true	wh3_main_vo_culture_Ogres	wh3_dlc26_ogr_cavalry_rhinox_club	4	false	ogr_mournfang_cav		false		1800.0000	0.0000	true	vo_culture_None	false	wh3_main_vo_actor_Ogres_Ogreunit	0	true	false	6	false	false		0.0000	true	1	false
um_ogr_sand_guts_cav_02		-1	monstrous_cavalry	2	false	um_ogr_sand_guts_cav_02	24	0	1900	wh_main_shp_transport	1	1	8	1900	475	medium		0	true	wh3_main_vo_culture_Ogres	wh3_dlc26_ogr_cavalry_rhinox_great_weapon	4	false	ogr_mournfang_cav		false		1900.0000	0.0000	true	vo_culture_None	false	wh3_main_vo_actor_Ogres_Ogreunit	0	true	false	6	false	false		0.0000	true	1	false
um_ogr_sand_scorpion		-1	monster	2	false	um_ogr_sand_scorpion	1	0	1000	wh_main_shp_transport	1	1	1	2100	365	super_heavy		0	true	wh2_dlc09_vo_culture_Tomb_Scorpion	wh2_dlc09_tmb_scorpion	2	true	tmb_tomb_scorpion		true		1000.0000	0.0000	true	vo_culture_None	false	wh_main_vo_actor_default	0	false	true	3	false	false		0.0000	true	1	false
um_ogr_sea_rider		-1	war_beast	1	false	um_ogr_sea_rider	24	0	1550	wh_main_shp_transport	1	1	12	1300	345	very_heavy		0	true	wh2_dlc11_vo_culture_Rotting_Prometheans	um_ogr_sea_rider	4	false	ogr_mournfang_cav		false		1000.0000	0.0000	true	vo_culture_None	true	wh3_main_vo_actor_Ogres_Ogreunit	0	true	true	4	false	false		0.0000	true	1	false
um_ogr_skullflingers		1	missile_infantry	1	false	um_ogr_skullflingers	240	0	300	wh_main_shp_transport	1	1	160	660	165	light		0	true	wh3_main_vo_culture_Ogres	wh2_main_missile_infantry_sling	2	false	grn_goblin_45_degrees		false		150.0000	370.0000	false	vo_culture_None	false	wh3_main_vo_actor_Ogres_Gnoblarunit	0	true	false	6	false	false		0.0000	true	1	true
um_ogr_skv_labourer		-1	melee_infantry	1	false	um_ogr_skv_labourer	360	0	150	wh_main_shp_transport	1	1	180	150	37	medium		0	true	wh2_main_vo_culture_Skaven	infantry_spear	1	false	skv_clan_rats_20_degrees		false		150.0000	0.0000	false	wh2_main_vo_culture_Skaven	false	wh2_main_vo_actor_Skaven_Unit	0	true	false	6	false	false		0.0000	true	1	false
um_ogr_statue		-1	monstrous_infantry	1	false	um_ogr_statue	32	0	900	wh_main_shp_transport	1	1	16	1000	250	heavy		0	true	wh2_dlc09_vo_culture_Ushabti	wh2_dlc09_tmb_ushabti	2	false	tmb_ushabti		false		900.0000	0.0000	false	vo_culture_None	false	wh_main_vo_actor_default	0	false	false	6	false	false		0.0000	true	1	false
um_ogr_statue_bow		-1	monstrous_infantry	2	false	um_ogr_statue_bow	24	0	1100	wh_main_shp_transport	1	1	12	1200	300	heavy		0	true	wh2_dlc09_vo_culture_Ushabti	wh2_dlc09_tmb_ushabti_bow	2	false	tmb_ushabti		false		220.0000	880.0000	false	vo_culture_None	false	wh_main_vo_actor_default	0	false	false	6	false	false		0.0000	true	1	false
um_ogr_statue_bow_ror		1	monstrous_infantry	2	false	um_ogr_statue_bow_ror	24	1	1350	wh_main_shp_transport	1	1	12	1500	333	heavy		0	true	wh2_dlc09_vo_culture_Ushabti	wh2_dlc09_tmb_ushabti_bow	3	false	tmb_ushabti		false		300.0000	1050.0000	false	vo_culture_None	true	wh_main_vo_actor_default	0	false	false	1	false	false		0.0000	true	1	true
um_ogr_statue_summoned		-1	monstrous_infantry	1	false	um_ogr_statue_summoned	32	0	900	wh_main_shp_transport	1	1	16	1000	250	heavy		0	true	wh2_dlc09_vo_culture_Ushabti	wh2_dlc09_tmb_ushabti	2	false	tmb_ushabti		false		900.0000	0.0000	false	vo_culture_None	false	wh_main_vo_actor_default	0	false	false	6	false	false		0.0000	true	1	false
um_ogr_treehammer_bulls_01		-1	monstrous_infantry	1	false	um_ogr_treehammer_bulls_01	48	0	550	wh_main_shp_transport	1	1	16	650	150	very_heavy		0	true	wh3_main_vo_culture_Ogres	wh3_main_ogr_monstrous	3	false	ogre_infantry		false		650.0000	0.0000	false	vo_culture_None	false	wh3_main_vo_actor_Ogres_Ogreunit	0	true	false	6	false	false		0.0000	true	1	false
um_ogr_treehammer_bulls_02		-1	monstrous_infantry	1	false	um_ogr_treehammer_bulls_02	48	0	650	wh_main_shp_transport	1	1	16	750	175	very_heavy		0	true	wh3_main_vo_culture_Ogres	wh3_main_ogr_monstrous_dual_weapons	3	false	ogre_infantry		false		750.0000	0.0000	false	vo_culture_None	false	wh3_main_vo_actor_Ogres_Ogreunit	0	true	false	6	false	false		0.0000	true	1	false
um_ogr_treehammer_maneaters_01		-1	monstrous_infantry	2	false	um_ogr_treehammer_maneaters_01	32	0	1200	wh_main_shp_transport	1	1	16	1300	315	very_heavy		0	true	wh3_main_vo_culture_Ogres	wh3_main_ogr_monstrous	4	false	ogre_infantry		false		1300.0000	0.0000	false	vo_culture_None	false	wh3_dlc26_vo_actor_Ogres_Maneater_Unit	0	true	false	6	false	false		0.0000	true	1	false
um_ogr_treehammer_maneaters_02		-1	monstrous_infantry	2	false	um_ogr_treehammer_maneaters_02	32	0	1300	wh_main_shp_transport	1	1	16	1400	340	very_heavy		0	true	wh3_main_vo_culture_Ogres	wh3_main_ogr_monstrous_dual_weapons	4	false	ogre_infantry		false		1400.0000	0.0000	false	vo_culture_None	false	wh3_dlc26_vo_actor_Ogres_Maneater_Unit	0	true	false	6	false	false		0.0000	true	1	false
um_ogr_warsphinx_0		-1	monster	2	false	um_ogr_warsphinx_0	8	0	1900	wh_main_shp_transport	1	1	4	1800	450	super_heavy		0	true	wh3_main_vo_culture_Stonehorn	wh2_dlc09_tmb_warsphinx	4	true	tmb_warsphinx		true		1800.0000	0.0000	true	vo_culture_None	false	wh_main_vo_actor_default	0	true	true	2	false	false		0.0000	true	1	false
um_ogr_warsphinx_1		-1	monster	3	false	um_ogr_warsphinx_1	1	0	2000	wh_main_shp_transport	1	1	1	2000	500	super_heavy		0	true	wh3_main_vo_culture_Ogres	um_ogr_warsphinx_1	5	true	tmb_warsphinx		true		1800.0000	200.0000	true	vo_culture_None	false	wh3_main_vo_actor_Ogres_Ogreunit	0	true	true	2	false	false		0.0000	true	1	false
um_snarky_ironblaster		-1	chariot	2	false	um_snarky_ironblaster	1	0	1700	wh_main_shp_transport	1	1	2	1700	425	medium		0	true	wh3_main_vo_culture_Ogres	artillery_cannon	4	true	emp_luminark		true	composite_scene/porthole/wm_ironblaster_porthole_01.csc	800.0000	900.0000	true	vo_culture_None	false	wh3_main_vo_actor_Ogres_Ogreunit	0	true	false	2	false	false		0.0000	true	1	false
um_snarky_maneater_03		-1	monstrous_infantry	2	false	um_snarky_maneater_03	32	0	1500	wh_main_shp_transport	1	1	16	1500	375	very_heavy		0	true	wh3_main_vo_culture_Ogres	wh3_main_ogr_monstrous_pistol	4	false	ogre_infantry		false		1000.0000	400.0000	false	vo_culture_None	false	wh3_dlc26_vo_actor_Ogres_Maneater_Unit	0	true	false	6	false	false		0.0000	true	1	false
um_snarky_scraplauncher		-1	chariot	1	false	um_snarky_scraplauncher	1	0	900	wh_main_shp_transport	1	1	2	900	225	medium		0	true	wh3_main_vo_culture_Ogres	catapult	2	true	emp_luminark		true	composite_scene/porthole/wm_ogr_gnoblar_scraplauncher_porthole_01.csc	400.0000	500.0000	true	vo_culture_None	false	wh3_dlc26_vo_actor_Ogres_Gnoblar_Unit	0	true	false	2	false	false		0.0000	true	1	false
